#! /c/Source/iverilog-install/bin/vvp
:ivl_version "12.0 (devel)" "(s20150603-1539-g2693dd32b)";
:ivl_delay_selection "TYPICAL";
:vpi_time_precision - 12;
:vpi_module "C:\iverilog\lib\ivl\system.vpi";
:vpi_module "C:\iverilog\lib\ivl\vhdl_sys.vpi";
:vpi_module "C:\iverilog\lib\ivl\vhdl_textio.vpi";
:vpi_module "C:\iverilog\lib\ivl\v2005_math.vpi";
:vpi_module "C:\iverilog\lib\ivl\va_math.vpi";
S_0000025dfef58b60 .scope module, "leaky_relu" "leaky_relu" 2 6;
 .timescale -9 -12;
    .port_info 0 /INPUT 16 "in_val";
    .port_info 1 /OUTPUT 16 "out_val";
P_0000025dfedc9160 .param/l "SLOPE_DEN" 0 2 6, +C4<00000000000000000000000000001000>;
P_0000025dfedc9198 .param/l "SLOPE_NUM" 0 2 6, +C4<00000000000000000000000000000001>;
v0000025dfef14e70_0 .net/s *"_ivl_10", 31 0, L_0000025dfefe2e90;  1 drivers
v0000025dfef15e10_0 .net/s *"_ivl_2", 31 0, L_0000025dfefe2df0;  1 drivers
L_0000025dfefe48b8 .functor BUFT 1, C4<00000000000000000000000000000001>, C4<0>, C4<0>, C4<0>;
v0000025dfef155f0_0 .net/2s *"_ivl_4", 31 0, L_0000025dfefe48b8;  1 drivers
v0000025dfef13f70_0 .net/s *"_ivl_7", 31 0, L_0000025dfefe3e30;  1 drivers
L_0000025dfefe4900 .functor BUFT 1, C4<00000000000000000000000000001000>, C4<0>, C4<0>, C4<0>;
v0000025dfef150f0_0 .net/2s *"_ivl_8", 31 0, L_0000025dfefe4900;  1 drivers
o0000025dfef718a8 .functor BUFZ 16, C4<zzzzzzzzzzzzzzzz>; HiZ drive
v0000025dfef15230_0 .net/s "in_val", 15 0, o0000025dfef718a8;  0 drivers
v0000025dfef14830_0 .net/s "neg_val", 15 0, L_0000025dfefe3ed0;  1 drivers
v0000025dfef154b0_0 .net/s "out_val", 15 0, L_0000025dfefe3430;  1 drivers
v0000025dfef15690_0 .net "sign", 0 0, L_0000025dfefe3250;  1 drivers
L_0000025dfefe3250 .part o0000025dfef718a8, 15, 1;
L_0000025dfefe2df0 .extend/s 32, o0000025dfef718a8;
L_0000025dfefe3e30 .arith/mult 32, L_0000025dfefe2df0, L_0000025dfefe48b8;
L_0000025dfefe2e90 .arith/div.s 32, L_0000025dfefe3e30, L_0000025dfefe4900;
L_0000025dfefe3ed0 .part L_0000025dfefe2e90, 0, 16;
L_0000025dfefe3430 .functor MUXZ 16, o0000025dfef718a8, L_0000025dfefe3ed0, L_0000025dfefe3250, C4<>;
S_0000025dfef12860 .scope module, "neuron_processing_unit" "neuron_processing_unit" 3 6;
 .timescale -9 -12;
    .port_info 0 /INPUT 16 "a0";
    .port_info 1 /INPUT 16 "a1";
    .port_info 2 /INPUT 16 "a2";
    .port_info 3 /INPUT 16 "a3";
    .port_info 4 /INPUT 16 "a4";
    .port_info 5 /INPUT 16 "a5";
    .port_info 6 /INPUT 16 "a6";
    .port_info 7 /INPUT 16 "a7";
    .port_info 8 /INPUT 16 "b0";
    .port_info 9 /INPUT 16 "b1";
    .port_info 10 /INPUT 16 "b2";
    .port_info 11 /INPUT 16 "b3";
    .port_info 12 /INPUT 16 "b4";
    .port_info 13 /INPUT 16 "b5";
    .port_info 14 /INPUT 16 "b6";
    .port_info 15 /INPUT 16 "b7";
    .port_info 16 /INPUT 16 "acc0";
    .port_info 17 /INPUT 16 "acc1";
    .port_info 18 /INPUT 16 "acc2";
    .port_info 19 /INPUT 16 "acc3";
    .port_info 20 /INPUT 16 "acc4";
    .port_info 21 /INPUT 16 "acc5";
    .port_info 22 /INPUT 16 "acc6";
    .port_info 23 /INPUT 16 "acc7";
    .port_info 24 /OUTPUT 16 "y0";
    .port_info 25 /OUTPUT 16 "y1";
    .port_info 26 /OUTPUT 16 "y2";
    .port_info 27 /OUTPUT 16 "y3";
    .port_info 28 /OUTPUT 16 "y4";
    .port_info 29 /OUTPUT 16 "y5";
    .port_info 30 /OUTPUT 16 "y6";
    .port_info 31 /OUTPUT 16 "y7";
P_0000025dfef20910 .param/l "DATA_WIDTH" 0 3 7, +C4<00000000000000000000000000010000>;
o0000025dfef71a58 .functor BUFZ 16, C4<zzzzzzzzzzzzzzzz>; HiZ drive
v0000025dfefbe940_0 .net/s "a0", 15 0, o0000025dfef71a58;  0 drivers
o0000025dfef71c68 .functor BUFZ 16, C4<zzzzzzzzzzzzzzzz>; HiZ drive
v0000025dfefbf660_0 .net/s "a1", 15 0, o0000025dfef71c68;  0 drivers
o0000025dfef71e78 .functor BUFZ 16, C4<zzzzzzzzzzzzzzzz>; HiZ drive
v0000025dfefbd900_0 .net/s "a2", 15 0, o0000025dfef71e78;  0 drivers
o0000025dfef72088 .functor BUFZ 16, C4<zzzzzzzzzzzzzzzz>; HiZ drive
v0000025dfefbd9a0_0 .net/s "a3", 15 0, o0000025dfef72088;  0 drivers
o0000025dfef72298 .functor BUFZ 16, C4<zzzzzzzzzzzzzzzz>; HiZ drive
v0000025dfefbe9e0_0 .net/s "a4", 15 0, o0000025dfef72298;  0 drivers
o0000025dfef724a8 .functor BUFZ 16, C4<zzzzzzzzzzzzzzzz>; HiZ drive
v0000025dfefbea80_0 .net/s "a5", 15 0, o0000025dfef724a8;  0 drivers
o0000025dfef726b8 .functor BUFZ 16, C4<zzzzzzzzzzzzzzzz>; HiZ drive
v0000025dfefbdae0_0 .net/s "a6", 15 0, o0000025dfef726b8;  0 drivers
o0000025dfef728c8 .functor BUFZ 16, C4<zzzzzzzzzzzzzzzz>; HiZ drive
v0000025dfefbdb80_0 .net/s "a7", 15 0, o0000025dfef728c8;  0 drivers
o0000025dfef72a48 .functor BUFZ 16, C4<zzzzzzzzzzzzzzzz>; HiZ drive
v0000025dfefbdcc0_0 .net/s "acc0", 15 0, o0000025dfef72a48;  0 drivers
o0000025dfef72a78 .functor BUFZ 16, C4<zzzzzzzzzzzzzzzz>; HiZ drive
v0000025dfefc1210_0 .net/s "acc1", 15 0, o0000025dfef72a78;  0 drivers
o0000025dfef72aa8 .functor BUFZ 16, C4<zzzzzzzzzzzzzzzz>; HiZ drive
v0000025dfefc1170_0 .net/s "acc2", 15 0, o0000025dfef72aa8;  0 drivers
o0000025dfef72ad8 .functor BUFZ 16, C4<zzzzzzzzzzzzzzzz>; HiZ drive
v0000025dfefc12b0_0 .net/s "acc3", 15 0, o0000025dfef72ad8;  0 drivers
o0000025dfef72b08 .functor BUFZ 16, C4<zzzzzzzzzzzzzzzz>; HiZ drive
v0000025dfefc1030_0 .net/s "acc4", 15 0, o0000025dfef72b08;  0 drivers
o0000025dfef72b38 .functor BUFZ 16, C4<zzzzzzzzzzzzzzzz>; HiZ drive
v0000025dfefbfcd0_0 .net/s "acc5", 15 0, o0000025dfef72b38;  0 drivers
o0000025dfef72b68 .functor BUFZ 16, C4<zzzzzzzzzzzzzzzz>; HiZ drive
v0000025dfefc0450_0 .net/s "acc6", 15 0, o0000025dfef72b68;  0 drivers
o0000025dfef72b98 .functor BUFZ 16, C4<zzzzzzzzzzzzzzzz>; HiZ drive
v0000025dfefc10d0_0 .net/s "acc7", 15 0, o0000025dfef72b98;  0 drivers
o0000025dfef71a88 .functor BUFZ 16, C4<zzzzzzzzzzzzzzzz>; HiZ drive
v0000025dfefbf9b0_0 .net/s "b0", 15 0, o0000025dfef71a88;  0 drivers
o0000025dfef71c98 .functor BUFZ 16, C4<zzzzzzzzzzzzzzzz>; HiZ drive
v0000025dfefc1710_0 .net/s "b1", 15 0, o0000025dfef71c98;  0 drivers
o0000025dfef71ea8 .functor BUFZ 16, C4<zzzzzzzzzzzzzzzz>; HiZ drive
v0000025dfefc0a90_0 .net/s "b2", 15 0, o0000025dfef71ea8;  0 drivers
o0000025dfef720b8 .functor BUFZ 16, C4<zzzzzzzzzzzzzzzz>; HiZ drive
v0000025dfefbfeb0_0 .net/s "b3", 15 0, o0000025dfef720b8;  0 drivers
o0000025dfef722c8 .functor BUFZ 16, C4<zzzzzzzzzzzzzzzz>; HiZ drive
v0000025dfefc0b30_0 .net/s "b4", 15 0, o0000025dfef722c8;  0 drivers
o0000025dfef724d8 .functor BUFZ 16, C4<zzzzzzzzzzzzzzzz>; HiZ drive
v0000025dfefc15d0_0 .net/s "b5", 15 0, o0000025dfef724d8;  0 drivers
o0000025dfef726e8 .functor BUFZ 16, C4<zzzzzzzzzzzzzzzz>; HiZ drive
v0000025dfefc0090_0 .net/s "b6", 15 0, o0000025dfef726e8;  0 drivers
o0000025dfef728f8 .functor BUFZ 16, C4<zzzzzzzzzzzzzzzz>; HiZ drive
v0000025dfefbfa50_0 .net/s "b7", 15 0, o0000025dfef728f8;  0 drivers
v0000025dfefc1350_0 .net/s "mul_out0", 15 0, v0000025dfef146f0_0;  1 drivers
v0000025dfefc0bd0_0 .net/s "mul_out1", 15 0, v0000025dfef15d70_0;  1 drivers
v0000025dfefc0770_0 .net/s "mul_out2", 15 0, v0000025dfefbec60_0;  1 drivers
v0000025dfefc0130_0 .net/s "mul_out3", 15 0, v0000025dfefbf200_0;  1 drivers
v0000025dfefc09f0_0 .net/s "mul_out4", 15 0, v0000025dfefbef80_0;  1 drivers
v0000025dfefc0db0_0 .net/s "mul_out5", 15 0, v0000025dfefbdd60_0;  1 drivers
v0000025dfefc04f0_0 .net/s "mul_out6", 15 0, v0000025dfefbf480_0;  1 drivers
v0000025dfefc0f90_0 .net/s "mul_out7", 15 0, v0000025dfefbe620_0;  1 drivers
v0000025dfefbfe10_0 .net/s "y0", 15 0, L_0000025dff041dd0;  1 drivers
v0000025dfefc0810_0 .net/s "y1", 15 0, L_0000025dff041e70;  1 drivers
v0000025dfefbf870_0 .net/s "y2", 15 0, L_0000025dff041470;  1 drivers
v0000025dfefc0c70_0 .net/s "y3", 15 0, L_0000025dff041150;  1 drivers
v0000025dfefc0590_0 .net/s "y4", 15 0, L_0000025dff041510;  1 drivers
v0000025dfefc06d0_0 .net/s "y5", 15 0, L_0000025dff0415b0;  1 drivers
v0000025dfefc1530_0 .net/s "y6", 15 0, L_0000025dff041ab0;  1 drivers
v0000025dfefbff50_0 .net/s "y7", 15 0, L_0000025dff042690;  1 drivers
L_0000025dff041dd0 .arith/sum 16, o0000025dfef72a48, v0000025dfef146f0_0;
L_0000025dff041e70 .arith/sum 16, o0000025dfef72a78, v0000025dfef15d70_0;
L_0000025dff041470 .arith/sum 16, o0000025dfef72aa8, v0000025dfefbec60_0;
L_0000025dff041150 .arith/sum 16, o0000025dfef72ad8, v0000025dfefbf200_0;
L_0000025dff041510 .arith/sum 16, o0000025dfef72b08, v0000025dfefbef80_0;
L_0000025dff0415b0 .arith/sum 16, o0000025dfef72b38, v0000025dfefbdd60_0;
L_0000025dff041ab0 .arith/sum 16, o0000025dfef72b68, v0000025dfefbf480_0;
L_0000025dff042690 .arith/sum 16, o0000025dfef72b98, v0000025dfefbe620_0;
S_0000025dfef66780 .scope module, "alu0" "fixed_point_alu" 3 20, 4 7 0, S_0000025dfef12860;
 .timescale -9 -12;
    .port_info 0 /INPUT 16 "a";
    .port_info 1 /INPUT 16 "b";
    .port_info 2 /OUTPUT 16 "y";
v0000025dfef157d0_0 .net/s *"_ivl_0", 31 0, L_0000025dfefe32f0;  1 drivers
v0000025dfef15910_0 .net/s *"_ivl_2", 31 0, L_0000025dfefe43d0;  1 drivers
v0000025dfef14470_0 .net *"_ivl_8", 21 0, L_0000025dfefe34d0;  1 drivers
v0000025dfef159b0_0 .net/s "a", 15 0, o0000025dfef71a58;  alias, 0 drivers
v0000025dfef14010_0 .net/s "b", 15 0, o0000025dfef71a88;  alias, 0 drivers
v0000025dfef14fb0_0 .net/s "mult", 31 0, L_0000025dfefe4470;  1 drivers
v0000025dfef14290_0 .net/s "shifted", 31 0, L_0000025dfefe4010;  1 drivers
v0000025dfef146f0_0 .var/s "y", 15 0;
E_0000025dfef205d0 .event anyedge, v0000025dfef14290_0;
L_0000025dfefe32f0 .extend/s 32, o0000025dfef71a58;
L_0000025dfefe43d0 .extend/s 32, o0000025dfef71a88;
L_0000025dfefe4470 .arith/mult 32, L_0000025dfefe32f0, L_0000025dfefe43d0;
L_0000025dfefe34d0 .part L_0000025dfefe4470, 10, 22;
L_0000025dfefe4010 .extend/s 32, L_0000025dfefe34d0;
S_0000025dfee9d840 .scope module, "alu1" "fixed_point_alu" 3 21, 4 7 0, S_0000025dfef12860;
 .timescale -9 -12;
    .port_info 0 /INPUT 16 "a";
    .port_info 1 /INPUT 16 "b";
    .port_info 2 /OUTPUT 16 "y";
v0000025dfef14f10_0 .net/s *"_ivl_0", 31 0, L_0000025dfefe2f30;  1 drivers
v0000025dfef15a50_0 .net/s *"_ivl_2", 31 0, L_0000025dfefe4150;  1 drivers
v0000025dfef15af0_0 .net *"_ivl_8", 21 0, L_0000025dfefe3a70;  1 drivers
v0000025dfef14510_0 .net/s "a", 15 0, o0000025dfef71c68;  alias, 0 drivers
v0000025dfef15b90_0 .net/s "b", 15 0, o0000025dfef71c98;  alias, 0 drivers
v0000025dfef15c30_0 .net/s "mult", 31 0, L_0000025dfefe3b10;  1 drivers
v0000025dfef15cd0_0 .net/s "shifted", 31 0, L_0000025dfefe2c10;  1 drivers
v0000025dfef15d70_0 .var/s "y", 15 0;
E_0000025dfef20b90 .event anyedge, v0000025dfef15cd0_0;
L_0000025dfefe2f30 .extend/s 32, o0000025dfef71c68;
L_0000025dfefe4150 .extend/s 32, o0000025dfef71c98;
L_0000025dfefe3b10 .arith/mult 32, L_0000025dfefe2f30, L_0000025dfefe4150;
L_0000025dfefe3a70 .part L_0000025dfefe3b10, 10, 22;
L_0000025dfefe2c10 .extend/s 32, L_0000025dfefe3a70;
S_0000025dfee9d9d0 .scope module, "alu2" "fixed_point_alu" 3 22, 4 7 0, S_0000025dfef12860;
 .timescale -9 -12;
    .port_info 0 /INPUT 16 "a";
    .port_info 1 /INPUT 16 "b";
    .port_info 2 /OUTPUT 16 "y";
v0000025dfef14970_0 .net/s *"_ivl_0", 31 0, L_0000025dfefe2fd0;  1 drivers
v0000025dfef14790_0 .net/s *"_ivl_2", 31 0, L_0000025dfefe3070;  1 drivers
v0000025dfef14150_0 .net *"_ivl_8", 21 0, L_0000025dfefe28f0;  1 drivers
v0000025dfef141f0_0 .net/s "a", 15 0, o0000025dfef71e78;  alias, 0 drivers
v0000025dfef14330_0 .net/s "b", 15 0, o0000025dfef71ea8;  alias, 0 drivers
v0000025dfef143d0_0 .net/s "mult", 31 0, L_0000025dfefe2a30;  1 drivers
v0000025dfeedcb40_0 .net/s "shifted", 31 0, L_0000025dfefe39d0;  1 drivers
v0000025dfefbec60_0 .var/s "y", 15 0;
E_0000025dfef20090 .event anyedge, v0000025dfeedcb40_0;
L_0000025dfefe2fd0 .extend/s 32, o0000025dfef71e78;
L_0000025dfefe3070 .extend/s 32, o0000025dfef71ea8;
L_0000025dfefe2a30 .arith/mult 32, L_0000025dfefe2fd0, L_0000025dfefe3070;
L_0000025dfefe28f0 .part L_0000025dfefe2a30, 10, 22;
L_0000025dfefe39d0 .extend/s 32, L_0000025dfefe28f0;
S_0000025dfeeb50a0 .scope module, "alu3" "fixed_point_alu" 3 23, 4 7 0, S_0000025dfef12860;
 .timescale -9 -12;
    .port_info 0 /INPUT 16 "a";
    .port_info 1 /INPUT 16 "b";
    .port_info 2 /OUTPUT 16 "y";
v0000025dfefbde00_0 .net/s *"_ivl_0", 31 0, L_0000025dfefe3bb0;  1 drivers
v0000025dfefbdf40_0 .net/s *"_ivl_2", 31 0, L_0000025dfefe3c50;  1 drivers
v0000025dfefbda40_0 .net *"_ivl_8", 21 0, L_0000025dfefe4330;  1 drivers
v0000025dfefbebc0_0 .net/s "a", 15 0, o0000025dfef72088;  alias, 0 drivers
v0000025dfefbdfe0_0 .net/s "b", 15 0, o0000025dfef720b8;  alias, 0 drivers
v0000025dfefbed00_0 .net/s "mult", 31 0, L_0000025dfefe2990;  1 drivers
v0000025dfefbe760_0 .net/s "shifted", 31 0, L_0000025dfefe3cf0;  1 drivers
v0000025dfefbf200_0 .var/s "y", 15 0;
E_0000025dfef206d0 .event anyedge, v0000025dfefbe760_0;
L_0000025dfefe3bb0 .extend/s 32, o0000025dfef72088;
L_0000025dfefe3c50 .extend/s 32, o0000025dfef720b8;
L_0000025dfefe2990 .arith/mult 32, L_0000025dfefe3bb0, L_0000025dfefe3c50;
L_0000025dfefe4330 .part L_0000025dfefe2990, 10, 22;
L_0000025dfefe3cf0 .extend/s 32, L_0000025dfefe4330;
S_0000025dfeeb5230 .scope module, "alu4" "fixed_point_alu" 3 24, 4 7 0, S_0000025dfef12860;
 .timescale -9 -12;
    .port_info 0 /INPUT 16 "a";
    .port_info 1 /INPUT 16 "b";
    .port_info 2 /OUTPUT 16 "y";
v0000025dfefbeda0_0 .net/s *"_ivl_0", 31 0, L_0000025dfefe3110;  1 drivers
v0000025dfefbf0c0_0 .net/s *"_ivl_2", 31 0, L_0000025dfefe3390;  1 drivers
v0000025dfefbee40_0 .net *"_ivl_8", 21 0, L_0000025dfefe4650;  1 drivers
v0000025dfefbeee0_0 .net/s "a", 15 0, o0000025dfef72298;  alias, 0 drivers
v0000025dfefbf2a0_0 .net/s "b", 15 0, o0000025dfef722c8;  alias, 0 drivers
v0000025dfefbf520_0 .net/s "mult", 31 0, L_0000025dfefe4510;  1 drivers
v0000025dfefbe6c0_0 .net/s "shifted", 31 0, L_0000025dfefe36b0;  1 drivers
v0000025dfefbef80_0 .var/s "y", 15 0;
E_0000025dfef20750 .event anyedge, v0000025dfefbe6c0_0;
L_0000025dfefe3110 .extend/s 32, o0000025dfef72298;
L_0000025dfefe3390 .extend/s 32, o0000025dfef722c8;
L_0000025dfefe4510 .arith/mult 32, L_0000025dfefe3110, L_0000025dfefe3390;
L_0000025dfefe4650 .part L_0000025dfefe4510, 10, 22;
L_0000025dfefe36b0 .extend/s 32, L_0000025dfefe4650;
S_0000025dfee28e20 .scope module, "alu5" "fixed_point_alu" 3 25, 4 7 0, S_0000025dfef12860;
 .timescale -9 -12;
    .port_info 0 /INPUT 16 "a";
    .port_info 1 /INPUT 16 "b";
    .port_info 2 /OUTPUT 16 "y";
v0000025dfefbf020_0 .net/s *"_ivl_0", 31 0, L_0000025dfefe2ad0;  1 drivers
v0000025dfefbe8a0_0 .net/s *"_ivl_2", 31 0, L_0000025dfefe3d90;  1 drivers
v0000025dfefbe120_0 .net *"_ivl_8", 21 0, L_0000025dfefe41f0;  1 drivers
v0000025dfefbe080_0 .net/s "a", 15 0, o0000025dfef724a8;  alias, 0 drivers
v0000025dfefbf160_0 .net/s "b", 15 0, o0000025dfef724d8;  alias, 0 drivers
v0000025dfefbe580_0 .net/s "mult", 31 0, L_0000025dfefe3f70;  1 drivers
v0000025dfefbdc20_0 .net/s "shifted", 31 0, L_0000025dfefe4790;  1 drivers
v0000025dfefbdd60_0 .var/s "y", 15 0;
E_0000025dfef20810 .event anyedge, v0000025dfefbdc20_0;
L_0000025dfefe2ad0 .extend/s 32, o0000025dfef724a8;
L_0000025dfefe3d90 .extend/s 32, o0000025dfef724d8;
L_0000025dfefe3f70 .arith/mult 32, L_0000025dfefe2ad0, L_0000025dfefe3d90;
L_0000025dfefe41f0 .part L_0000025dfefe3f70, 10, 22;
L_0000025dfefe4790 .extend/s 32, L_0000025dfefe41f0;
S_0000025dfee28fb0 .scope module, "alu6" "fixed_point_alu" 3 26, 4 7 0, S_0000025dfef12860;
 .timescale -9 -12;
    .port_info 0 /INPUT 16 "a";
    .port_info 1 /INPUT 16 "b";
    .port_info 2 /OUTPUT 16 "y";
v0000025dfefbf340_0 .net/s *"_ivl_0", 31 0, L_0000025dfefe46f0;  1 drivers
v0000025dfefbe3a0_0 .net/s *"_ivl_2", 31 0, L_0000025dfefe2b70;  1 drivers
v0000025dfefbe1c0_0 .net *"_ivl_8", 21 0, L_0000025dfefe3750;  1 drivers
v0000025dfefbdea0_0 .net/s "a", 15 0, o0000025dfef726b8;  alias, 0 drivers
v0000025dfefbf3e0_0 .net/s "b", 15 0, o0000025dfef726e8;  alias, 0 drivers
v0000025dfefbd860_0 .net/s "mult", 31 0, L_0000025dfefe3570;  1 drivers
v0000025dfefbe440_0 .net/s "shifted", 31 0, L_0000025dfefe2cb0;  1 drivers
v0000025dfefbf480_0 .var/s "y", 15 0;
E_0000025dfef20850 .event anyedge, v0000025dfefbe440_0;
L_0000025dfefe46f0 .extend/s 32, o0000025dfef726b8;
L_0000025dfefe2b70 .extend/s 32, o0000025dfef726e8;
L_0000025dfefe3570 .arith/mult 32, L_0000025dfefe46f0, L_0000025dfefe2b70;
L_0000025dfefe3750 .part L_0000025dfefe3570, 10, 22;
L_0000025dfefe2cb0 .extend/s 32, L_0000025dfefe3750;
S_0000025dfee65750 .scope module, "alu7" "fixed_point_alu" 3 27, 4 7 0, S_0000025dfef12860;
 .timescale -9 -12;
    .port_info 0 /INPUT 16 "a";
    .port_info 1 /INPUT 16 "b";
    .port_info 2 /OUTPUT 16 "y";
v0000025dfefbe260_0 .net/s *"_ivl_0", 31 0, L_0000025dfefe37f0;  1 drivers
v0000025dfefbf5c0_0 .net/s *"_ivl_2", 31 0, L_0000025dfefe3890;  1 drivers
v0000025dfefbeb20_0 .net *"_ivl_8", 21 0, L_0000025dff040e30;  1 drivers
v0000025dfefbe4e0_0 .net/s "a", 15 0, o0000025dfef728c8;  alias, 0 drivers
v0000025dfefbe800_0 .net/s "b", 15 0, o0000025dfef728f8;  alias, 0 drivers
v0000025dfefbf700_0 .net/s "mult", 31 0, L_0000025dfefe3930;  1 drivers
v0000025dfefbe300_0 .net/s "shifted", 31 0, L_0000025dff0410b0;  1 drivers
v0000025dfefbe620_0 .var/s "y", 15 0;
E_0000025dfef20b10 .event anyedge, v0000025dfefbe300_0;
L_0000025dfefe37f0 .extend/s 32, o0000025dfef728c8;
L_0000025dfefe3890 .extend/s 32, o0000025dfef728f8;
L_0000025dfefe3930 .arith/mult 32, L_0000025dfefe37f0, L_0000025dfefe3890;
L_0000025dff040e30 .part L_0000025dfefe3930, 10, 22;
L_0000025dff0410b0 .extend/s 32, L_0000025dff040e30;
S_0000025dfef12300 .scope module, "pipelined_mac" "pipelined_mac" 5 1;
 .timescale -9 -12;
    .port_info 0 /INPUT 1 "clk";
    .port_info 1 /INPUT 1 "rst";
    .port_info 2 /INPUT 1 "start";
    .port_info 3 /INPUT 512 "a_flat";
    .port_info 4 /INPUT 512 "b_flat";
    .port_info 5 /INPUT 16 "bias";
    .port_info 6 /OUTPUT 16 "result";
    .port_info 7 /OUTPUT 1 "done";
o0000025dfef73348 .functor BUFZ 512, C4<zzzzzzzzzzzzzzzzzzzzzzzzzzzzzzzzzzzzzzzzzzzzzzzzzzzzzzzzzzzzzzzzzzzzzzzzzzzzzzzzzzzzzzzzzzzzzzzzzzzzzzzzzzzzzzzzzzzzzzzzzzzzzzzzzzzzzzzzzzzzzzzzzzzzzzzzzzzzzzzzzzzzzzzzzzzzzzzzzzzzzzzzzzzzzzzzzzzzzzzzzzzzzzzzzzzzzzzzzzzzzzzzzzzzzzzzzzzzzzzzzzzzzzzzzzzzzzzzzzzzzzzzzzzzzzzzzzzzzzzzzzzzzzzzzzzzzzzzzzzzzzzzzzzzzzzzzzzzzzzzzzzzzzzzzzzzzzzzzzzzzzzzzzzzzzzzzzzzzzzzzzzzzzzzzzzzzzzzzzzzzzzzzzzzzzzzzzzzzzzzzzzzzzzzzzzzzzzzzzzzzzzzzzzzzzzzzzzzzzzzzzzzzzzzzzzzzzzzzzzzzzzzzzzzzzzzzzzzzzzzzzzzzzzzzzzzzzzzzzzzzzzzzzzzzzzz>; HiZ drive
v0000025dfefc13f0_0 .net/s "a_flat", 511 0, o0000025dfef73348;  0 drivers
o0000025dfef73378 .functor BUFZ 512, C4<zzzzzzzzzzzzzzzzzzzzzzzzzzzzzzzzzzzzzzzzzzzzzzzzzzzzzzzzzzzzzzzzzzzzzzzzzzzzzzzzzzzzzzzzzzzzzzzzzzzzzzzzzzzzzzzzzzzzzzzzzzzzzzzzzzzzzzzzzzzzzzzzzzzzzzzzzzzzzzzzzzzzzzzzzzzzzzzzzzzzzzzzzzzzzzzzzzzzzzzzzzzzzzzzzzzzzzzzzzzzzzzzzzzzzzzzzzzzzzzzzzzzzzzzzzzzzzzzzzzzzzzzzzzzzzzzzzzzzzzzzzzzzzzzzzzzzzzzzzzzzzzzzzzzzzzzzzzzzzzzzzzzzzzzzzzzzzzzzzzzzzzzzzzzzzzzzzzzzzzzzzzzzzzzzzzzzzzzzzzzzzzzzzzzzzzzzzzzzzzzzzzzzzzzzzzzzzzzzzzzzzzzzzzzzzzzzzzzzzzzzzzzzzzzzzzzzzzzzzzzzzzzzzzzzzzzzzzzzzzzzzzzzzzzzzzzzzzzzzzzzzzzzzzzzzzz>; HiZ drive
v0000025dfefc0d10_0 .net/s "b_flat", 511 0, o0000025dfef73378;  0 drivers
o0000025dfef733a8 .functor BUFZ 16, C4<zzzzzzzzzzzzzzzz>; HiZ drive
v0000025dfefc1490_0 .net/s "bias", 15 0, o0000025dfef733a8;  0 drivers
o0000025dfef733d8 .functor BUFZ 1, C4<z>; HiZ drive
v0000025dfefc1670_0 .net "clk", 0 0, o0000025dfef733d8;  0 drivers
v0000025dfefbf910_0 .var "d0", 0 0;
v0000025dfefbfff0_0 .var "d1", 0 0;
v0000025dfefc0e50_0 .var "d2", 0 0;
v0000025dfefbfaf0_0 .var "d3", 0 0;
v0000025dfefbfb90_0 .var "d4", 0 0;
v0000025dfefbfd70_0 .var "d5", 0 0;
v0000025dfefc0ef0_0 .var "d6", 0 0;
v0000025dfefbfc30_0 .var "done", 0 0;
v0000025dfefc01d0 .array/s "p", 31 0, 31 0;
v0000025dfefc08b0 .array/s "ra", 31 0, 15 0;
v0000025dfefc0270 .array/s "rb", 31 0, 15 0;
v0000025dfefc0310_0 .var/s "result", 15 0;
o0000025dfef735b8 .functor BUFZ 1, C4<z>; HiZ drive
v0000025dfefc03b0_0 .net "rst", 0 0, o0000025dfef735b8;  0 drivers
v0000025dfefc0630 .array/s "s1", 15 0, 31 0;
v0000025dfefc0950 .array/s "s2", 7 0, 31 0;
v0000025dfefc2aa0 .array/s "s3", 3 0, 31 0;
v0000025dfefc2d20 .array/s "s4", 1 0, 31 0;
o0000025dfef735e8 .functor BUFZ 1, C4<z>; HiZ drive
v0000025dfefc1c40_0 .net "start", 0 0, o0000025dfef735e8;  0 drivers
v0000025dfefc2be0_0 .var/s "total_sum", 31 0;
E_0000025dfef213d0 .event posedge, v0000025dfefc03b0_0, v0000025dfefc1670_0;
S_0000025dfef67c40 .scope module, "relu" "relu" 6 3;
 .timescale -9 -12;
    .port_info 0 /INPUT 16 "in";
    .port_info 1 /OUTPUT 16 "out";
P_0000025dfef20d90 .param/l "N" 0 6 3, +C4<00000000000000000000000000010000>;
L_0000025dfefe4948 .functor BUFT 1, C4<1>, C4<0>, C4<0>, C4<0>;
L_0000025dfef3e480 .functor XNOR 1, L_0000025dff042050, L_0000025dfefe4948, C4<0>, C4<0>;
v0000025dfefc2640_0 .net *"_ivl_1", 0 0, L_0000025dff042050;  1 drivers
v0000025dfefc23c0_0 .net/2u *"_ivl_2", 0 0, L_0000025dfefe4948;  1 drivers
v0000025dfefc1920_0 .net *"_ivl_4", 0 0, L_0000025dfef3e480;  1 drivers
L_0000025dfefe4990 .functor BUFT 1, C4<0000000000000000>, C4<0>, C4<0>, C4<0>;
v0000025dfefc19c0_0 .net/2u *"_ivl_6", 15 0, L_0000025dfefe4990;  1 drivers
o0000025dfef73888 .functor BUFZ 16, C4<zzzzzzzzzzzzzzzz>; HiZ drive
v0000025dfefc2c80_0 .net/s "in", 15 0, o0000025dfef73888;  0 drivers
v0000025dfefc2dc0_0 .net/s "out", 15 0, L_0000025dff041830;  1 drivers
L_0000025dff042050 .part o0000025dfef73888, 15, 1;
L_0000025dff041830 .functor MUXZ 16, o0000025dfef73888, L_0000025dfefe4990, L_0000025dfef3e480, C4<>;
S_0000025dfef67dd0 .scope module, "tanh_lut" "tanh_lut" 7 5;
 .timescale -9 -12;
    .port_info 0 /INPUT 16 "in";
    .port_info 1 /OUTPUT 16 "out";
P_0000025dfef40440 .param/l "MAX" 1 7 12, +C4<1111110000000000>;
P_0000025dfef40478 .param/l "MIN" 1 7 13, +C4<0000010000000000>;
P_0000025dfef404b0 .param/l "NEG_THRESH" 1 7 11, +C4<0000001000000000>;
P_0000025dfef404e8 .param/l "POS_THRESH" 1 7 10, +C4<1111111000000000>;
P_0000025dfef40520 .param/l "W" 0 7 5, +C4<00000000000000000000000000010000>;
o0000025dfef73948 .functor BUFZ 16, C4<zzzzzzzzzzzzzzzz>; HiZ drive
v0000025dfefc2e60_0 .net/s "in", 15 0, o0000025dfef73948;  0 drivers
v0000025dfefc28c0_0 .var/s "out", 15 0;
E_0000025dfef21210 .event anyedge, v0000025dfefc2e60_0;
S_0000025dfef665f0 .scope module, "tb_top_entity" "tb_top_entity" 8 7;
 .timescale -9 -12;
v0000025dfefe2780_0 .net "busy", 0 0, L_0000025dfef3e330;  1 drivers
v0000025dfefe08e0_0 .var "clk", 0 0;
v0000025dfefe0a20_0 .var "data_in", 15 0;
v0000025dfefe0ac0_0 .net "data_out", 15 0, L_0000025dfef3e8e0;  1 drivers
v0000025dfefe0b60_0 .var/i "i", 31 0;
v0000025dfefe1a60_0 .net "input_count", 6 0, v0000025dfefe1060_0;  1 drivers
v0000025dfefe1b00_0 .var "last_state", 2 0;
v0000025dfefe31b0_0 .net "output_count", 9 0, v0000025dfefe2500_0;  1 drivers
v0000025dfefe45b0_0 .var/i "output_valid_count", 31 0;
v0000025dfefe2d50_0 .var "rst_n", 0 0;
v0000025dfefe4290_0 .var "start", 0 0;
v0000025dfefe3610_0 .net "state", 2 0, v0000025dfefe17e0_0;  1 drivers
v0000025dfefe40b0_0 .net "valid", 0 0, L_0000025dfef3dbc0;  1 drivers
S_0000025dfee62d20 .scope module, "dut" "top_entity" 8 21, 9 22 0, S_0000025dfef665f0;
 .timescale -9 -12;
    .port_info 0 /INPUT 1 "clk";
    .port_info 1 /INPUT 1 "rst_n";
    .port_info 2 /INPUT 1 "start";
    .port_info 3 /INPUT 16 "data_in";
    .port_info 4 /OUTPUT 16 "data_out";
    .port_info 5 /OUTPUT 1 "valid";
    .port_info 6 /OUTPUT 1 "busy";
    .port_info 7 /OUTPUT 3 "state";
    .port_info 8 /OUTPUT 7 "input_count";
    .port_info 9 /OUTPUT 10 "output_count";
L_0000025dfef3e8e0 .functor BUFZ 16, v0000025dfefe0c00_0, C4<0000000000000000>, C4<0000000000000000>, C4<0000000000000000>;
L_0000025dfef3dbc0 .functor BUFZ 1, v0000025dfefe14c0_0, C4<0>, C4<0>, C4<0>;
L_0000025dfef3e330 .functor NOT 1, v0000025dfefe0980_0, C4<0>, C4<0>, C4<0>;
v0000025dfefe0d40_0 .net "busy", 0 0, L_0000025dfef3e330;  alias, 1 drivers
v0000025dfefe1ba0_0 .net "clk", 0 0, v0000025dfefe08e0_0;  1 drivers
v0000025dfefe1c40_0 .net "data_in", 15 0, v0000025dfefe0a20_0;  1 drivers
v0000025dfefe1880_0 .net "data_out", 15 0, L_0000025dfef3e8e0;  alias, 1 drivers
v0000025dfefe0fc0_0 .var "in_din", 15 0;
v0000025dfefe0de0_0 .net "in_done", 0 0, v0000025dfefde680_0;  1 drivers
v0000025dfefe2320_0 .net "in_dout", 15 0, v0000025dfefdeae0_0;  1 drivers
v0000025dfefe2000_0 .var "in_en", 0 0;
o0000025dfef75778 .functor BUFZ 6, C4<zzzzzz>; HiZ drive
v0000025dfefe11a0_0 .net "in_rd_addr", 5 0, o0000025dfef75778;  0 drivers
v0000025dfefe1060_0 .var "input_count", 6 0;
v0000025dfefe23c0_0 .net "l1_done", 0 0, v0000025dfefc2820_0;  1 drivers
v0000025dfefe0e80_0 .net/s "l1_flat_output", 4095 0, v0000025dfefc3360_0;  1 drivers
v0000025dfefe1560_0 .var "l1_start", 0 0;
v0000025dfefe0f20_0 .net "l2_done", 0 0, v0000025dfefdf620_0;  1 drivers
v0000025dfefe20a0_0 .net/s "l2_flat_output", 4095 0, v0000025dfefdee00_0;  1 drivers
v0000025dfefe1100_0 .var "l2_start", 0 0;
v0000025dfefe1240_0 .net "l3_done", 0 0, v0000025dfefdf080_0;  1 drivers
v0000025dfefe2280_0 .net/s "l3_flat_output", 12543 0, v0000025dfefdf120_0;  1 drivers
v0000025dfefe12e0_0 .var "l3_start", 0 0;
v0000025dfefe1380_0 .var "out_din", 15 0;
v0000025dfefe2460_0 .net "out_done", 0 0, v0000025dfefe0980_0;  1 drivers
v0000025dfefe1420_0 .net "out_dout", 15 0, v0000025dfefe0c00_0;  1 drivers
v0000025dfefe14c0_0 .var "out_en", 0 0;
v0000025dfefe1600_0 .var "out_wr_addr", 9 0;
v0000025dfefe1740_0 .var "out_wr_en", 0 0;
v0000025dfefe2500_0 .var "output_count", 9 0;
v0000025dfefe2640_0 .net "rst_n", 0 0, v0000025dfefe2d50_0;  1 drivers
v0000025dfefe19c0_0 .net "start", 0 0, v0000025dfefe4290_0;  1 drivers
v0000025dfefe17e0_0 .var "state", 2 0;
v0000025dfefe1920_0 .net "valid", 0 0, L_0000025dfef3dbc0;  alias, 1 drivers
E_0000025dfef21990/0 .event negedge, v0000025dfefc3180_0;
E_0000025dfef21990/1 .event posedge, v0000025dfefc35e0_0;
E_0000025dfef21990 .event/or E_0000025dfef21990/0, E_0000025dfef21990/1;
v0000025dfefe1ce0_63 .array/port v0000025dfefe1ce0, 63;
v0000025dfefe1ce0_62 .array/port v0000025dfefe1ce0, 62;
v0000025dfefe1ce0_61 .array/port v0000025dfefe1ce0, 61;
v0000025dfefe1ce0_60 .array/port v0000025dfefe1ce0, 60;
LS_0000025dff0418d0_0_0 .concat [ 16 16 16 16], v0000025dfefe1ce0_63, v0000025dfefe1ce0_62, v0000025dfefe1ce0_61, v0000025dfefe1ce0_60;
v0000025dfefe1ce0_59 .array/port v0000025dfefe1ce0, 59;
v0000025dfefe1ce0_58 .array/port v0000025dfefe1ce0, 58;
v0000025dfefe1ce0_57 .array/port v0000025dfefe1ce0, 57;
v0000025dfefe1ce0_56 .array/port v0000025dfefe1ce0, 56;
LS_0000025dff0418d0_0_4 .concat [ 16 16 16 16], v0000025dfefe1ce0_59, v0000025dfefe1ce0_58, v0000025dfefe1ce0_57, v0000025dfefe1ce0_56;
v0000025dfefe1ce0_55 .array/port v0000025dfefe1ce0, 55;
v0000025dfefe1ce0_54 .array/port v0000025dfefe1ce0, 54;
v0000025dfefe1ce0_53 .array/port v0000025dfefe1ce0, 53;
v0000025dfefe1ce0_52 .array/port v0000025dfefe1ce0, 52;
LS_0000025dff0418d0_0_8 .concat [ 16 16 16 16], v0000025dfefe1ce0_55, v0000025dfefe1ce0_54, v0000025dfefe1ce0_53, v0000025dfefe1ce0_52;
v0000025dfefe1ce0_51 .array/port v0000025dfefe1ce0, 51;
v0000025dfefe1ce0_50 .array/port v0000025dfefe1ce0, 50;
v0000025dfefe1ce0_49 .array/port v0000025dfefe1ce0, 49;
v0000025dfefe1ce0_48 .array/port v0000025dfefe1ce0, 48;
LS_0000025dff0418d0_0_12 .concat [ 16 16 16 16], v0000025dfefe1ce0_51, v0000025dfefe1ce0_50, v0000025dfefe1ce0_49, v0000025dfefe1ce0_48;
v0000025dfefe1ce0_47 .array/port v0000025dfefe1ce0, 47;
v0000025dfefe1ce0_46 .array/port v0000025dfefe1ce0, 46;
v0000025dfefe1ce0_45 .array/port v0000025dfefe1ce0, 45;
v0000025dfefe1ce0_44 .array/port v0000025dfefe1ce0, 44;
LS_0000025dff0418d0_0_16 .concat [ 16 16 16 16], v0000025dfefe1ce0_47, v0000025dfefe1ce0_46, v0000025dfefe1ce0_45, v0000025dfefe1ce0_44;
v0000025dfefe1ce0_43 .array/port v0000025dfefe1ce0, 43;
v0000025dfefe1ce0_42 .array/port v0000025dfefe1ce0, 42;
v0000025dfefe1ce0_41 .array/port v0000025dfefe1ce0, 41;
v0000025dfefe1ce0_40 .array/port v0000025dfefe1ce0, 40;
LS_0000025dff0418d0_0_20 .concat [ 16 16 16 16], v0000025dfefe1ce0_43, v0000025dfefe1ce0_42, v0000025dfefe1ce0_41, v0000025dfefe1ce0_40;
v0000025dfefe1ce0_39 .array/port v0000025dfefe1ce0, 39;
v0000025dfefe1ce0_38 .array/port v0000025dfefe1ce0, 38;
v0000025dfefe1ce0_37 .array/port v0000025dfefe1ce0, 37;
v0000025dfefe1ce0_36 .array/port v0000025dfefe1ce0, 36;
LS_0000025dff0418d0_0_24 .concat [ 16 16 16 16], v0000025dfefe1ce0_39, v0000025dfefe1ce0_38, v0000025dfefe1ce0_37, v0000025dfefe1ce0_36;
v0000025dfefe1ce0_35 .array/port v0000025dfefe1ce0, 35;
v0000025dfefe1ce0_34 .array/port v0000025dfefe1ce0, 34;
v0000025dfefe1ce0_33 .array/port v0000025dfefe1ce0, 33;
v0000025dfefe1ce0_32 .array/port v0000025dfefe1ce0, 32;
LS_0000025dff0418d0_0_28 .concat [ 16 16 16 16], v0000025dfefe1ce0_35, v0000025dfefe1ce0_34, v0000025dfefe1ce0_33, v0000025dfefe1ce0_32;
v0000025dfefe1ce0_31 .array/port v0000025dfefe1ce0, 31;
v0000025dfefe1ce0_30 .array/port v0000025dfefe1ce0, 30;
v0000025dfefe1ce0_29 .array/port v0000025dfefe1ce0, 29;
v0000025dfefe1ce0_28 .array/port v0000025dfefe1ce0, 28;
LS_0000025dff0418d0_0_32 .concat [ 16 16 16 16], v0000025dfefe1ce0_31, v0000025dfefe1ce0_30, v0000025dfefe1ce0_29, v0000025dfefe1ce0_28;
v0000025dfefe1ce0_27 .array/port v0000025dfefe1ce0, 27;
v0000025dfefe1ce0_26 .array/port v0000025dfefe1ce0, 26;
v0000025dfefe1ce0_25 .array/port v0000025dfefe1ce0, 25;
v0000025dfefe1ce0_24 .array/port v0000025dfefe1ce0, 24;
LS_0000025dff0418d0_0_36 .concat [ 16 16 16 16], v0000025dfefe1ce0_27, v0000025dfefe1ce0_26, v0000025dfefe1ce0_25, v0000025dfefe1ce0_24;
v0000025dfefe1ce0_23 .array/port v0000025dfefe1ce0, 23;
v0000025dfefe1ce0_22 .array/port v0000025dfefe1ce0, 22;
v0000025dfefe1ce0_21 .array/port v0000025dfefe1ce0, 21;
v0000025dfefe1ce0_20 .array/port v0000025dfefe1ce0, 20;
LS_0000025dff0418d0_0_40 .concat [ 16 16 16 16], v0000025dfefe1ce0_23, v0000025dfefe1ce0_22, v0000025dfefe1ce0_21, v0000025dfefe1ce0_20;
v0000025dfefe1ce0_19 .array/port v0000025dfefe1ce0, 19;
v0000025dfefe1ce0_18 .array/port v0000025dfefe1ce0, 18;
v0000025dfefe1ce0_17 .array/port v0000025dfefe1ce0, 17;
v0000025dfefe1ce0_16 .array/port v0000025dfefe1ce0, 16;
LS_0000025dff0418d0_0_44 .concat [ 16 16 16 16], v0000025dfefe1ce0_19, v0000025dfefe1ce0_18, v0000025dfefe1ce0_17, v0000025dfefe1ce0_16;
v0000025dfefe1ce0_15 .array/port v0000025dfefe1ce0, 15;
v0000025dfefe1ce0_14 .array/port v0000025dfefe1ce0, 14;
v0000025dfefe1ce0_13 .array/port v0000025dfefe1ce0, 13;
v0000025dfefe1ce0_12 .array/port v0000025dfefe1ce0, 12;
LS_0000025dff0418d0_0_48 .concat [ 16 16 16 16], v0000025dfefe1ce0_15, v0000025dfefe1ce0_14, v0000025dfefe1ce0_13, v0000025dfefe1ce0_12;
v0000025dfefe1ce0_11 .array/port v0000025dfefe1ce0, 11;
v0000025dfefe1ce0_10 .array/port v0000025dfefe1ce0, 10;
v0000025dfefe1ce0_9 .array/port v0000025dfefe1ce0, 9;
v0000025dfefe1ce0_8 .array/port v0000025dfefe1ce0, 8;
LS_0000025dff0418d0_0_52 .concat [ 16 16 16 16], v0000025dfefe1ce0_11, v0000025dfefe1ce0_10, v0000025dfefe1ce0_9, v0000025dfefe1ce0_8;
v0000025dfefe1ce0_7 .array/port v0000025dfefe1ce0, 7;
v0000025dfefe1ce0_6 .array/port v0000025dfefe1ce0, 6;
v0000025dfefe1ce0_5 .array/port v0000025dfefe1ce0, 5;
v0000025dfefe1ce0_4 .array/port v0000025dfefe1ce0, 4;
LS_0000025dff0418d0_0_56 .concat [ 16 16 16 16], v0000025dfefe1ce0_7, v0000025dfefe1ce0_6, v0000025dfefe1ce0_5, v0000025dfefe1ce0_4;
v0000025dfefe1ce0_3 .array/port v0000025dfefe1ce0, 3;
v0000025dfefe1ce0_2 .array/port v0000025dfefe1ce0, 2;
v0000025dfefe1ce0_1 .array/port v0000025dfefe1ce0, 1;
v0000025dfefe1ce0_0 .array/port v0000025dfefe1ce0, 0;
LS_0000025dff0418d0_0_60 .concat [ 16 16 16 16], v0000025dfefe1ce0_3, v0000025dfefe1ce0_2, v0000025dfefe1ce0_1, v0000025dfefe1ce0_0;
LS_0000025dff0418d0_1_0 .concat [ 64 64 64 64], LS_0000025dff0418d0_0_0, LS_0000025dff0418d0_0_4, LS_0000025dff0418d0_0_8, LS_0000025dff0418d0_0_12;
LS_0000025dff0418d0_1_4 .concat [ 64 64 64 64], LS_0000025dff0418d0_0_16, LS_0000025dff0418d0_0_20, LS_0000025dff0418d0_0_24, LS_0000025dff0418d0_0_28;
LS_0000025dff0418d0_1_8 .concat [ 64 64 64 64], LS_0000025dff0418d0_0_32, LS_0000025dff0418d0_0_36, LS_0000025dff0418d0_0_40, LS_0000025dff0418d0_0_44;
LS_0000025dff0418d0_1_12 .concat [ 64 64 64 64], LS_0000025dff0418d0_0_48, LS_0000025dff0418d0_0_52, LS_0000025dff0418d0_0_56, LS_0000025dff0418d0_0_60;
L_0000025dff0418d0 .concat [ 256 256 256 256], LS_0000025dff0418d0_1_0, LS_0000025dff0418d0_1_4, LS_0000025dff0418d0_1_8, LS_0000025dff0418d0_1_12;
S_0000025dfee62eb0 .scope module, "l1gen" "layer1_generator_v2" 9 48, 10 12 0, S_0000025dfee62d20;
 .timescale -9 -12;
    .port_info 0 /INPUT 1 "clk";
    .port_info 1 /INPUT 1 "rst";
    .port_info 2 /INPUT 1 "start";
    .port_info 3 /INPUT 1024 "flat_input";
    .port_info 4 /OUTPUT 4096 "flat_output";
    .port_info 5 /OUTPUT 1 "done";
P_0000025dfedc8ee0 .param/l "TOTAL_INPUTS" 1 10 28, +C4<00000000000000000000000001000000>;
P_0000025dfedc8f18 .param/l "TOTAL_NEURONS" 1 10 27, +C4<00000000000000000000000100000000>;
v0000025dfefc1b00_0 .net/s *"_ivl_0", 31 0, L_0000025dff041a10;  1 drivers
v0000025dfefc3540_0 .net/s *"_ivl_2", 31 0, L_0000025dff041bf0;  1 drivers
v0000025dfefc2f00_0 .var/s "accumulator", 47 0;
v0000025dfefc25a0 .array/s "biases", 255 0, 15 0;
v0000025dfefc2fa0_0 .var "busy", 0 0;
v0000025dfefc35e0_0 .net "clk", 0 0, v0000025dfefe08e0_0;  alias, 1 drivers
v0000025dfefc1a60_0 .var/s "current_bias", 15 0;
v0000025dfefc1d80_0 .var/s "current_input", 15 0;
v0000025dfefc3680_0 .var/s "current_weight", 15 0;
v0000025dfefc2820_0 .var "done", 0 0;
v0000025dfefc1ec0_0 .net/s "flat_input", 1023 0, L_0000025dff0418d0;  1 drivers
v0000025dfefc3360_0 .var/s "flat_output", 4095 0;
v0000025dfefc3720_0 .var "input_idx", 6 0;
v0000025dfefc2140_0 .var "neuron_idx", 8 0;
v0000025dfefc1880_0 .net/s "product", 31 0, L_0000025dff042550;  1 drivers
v0000025dfefc3180_0 .net "rst", 0 0, v0000025dfefe2d50_0;  alias, 1 drivers
v0000025dfefc3040_0 .net "start", 0 0, v0000025dfefe1560_0;  1 drivers
v0000025dfefc2460 .array/s "weights", 16383 0, 15 0;
E_0000025dfef21a10 .event posedge, v0000025dfefc35e0_0;
L_0000025dff041a10 .extend/s 32, v0000025dfefc1d80_0;
L_0000025dff041bf0 .extend/s 32, v0000025dfefc3680_0;
L_0000025dff042550 .arith/mult 32, L_0000025dff041a10, L_0000025dff041bf0;
S_0000025dfee2e200 .scope module, "l2gen" "layer2_generator_v2" 9 58, 11 5 0, S_0000025dfee62d20;
 .timescale -9 -12;
    .port_info 0 /INPUT 1 "clk";
    .port_info 1 /INPUT 1 "rst";
    .port_info 2 /INPUT 1 "start";
    .port_info 3 /INPUT 4096 "flat_input";
    .port_info 4 /OUTPUT 4096 "flat_output";
    .port_info 5 /OUTPUT 1 "done";
P_0000025dfef21850 .param/l "N" 1 11 13, +C4<00000000000000000000000100000000>;
L_0000025dfef3dca0 .functor BUFZ 16, L_0000025dff0420f0, C4<0000000000000000>, C4<0000000000000000>, C4<0000000000000000>;
v0000025dfefc1ba0_0 .net *"_ivl_1", 0 0, L_0000025dff0427d0;  1 drivers
v0000025dfefc3400_0 .net *"_ivl_10", 31 0, L_0000025dff040cf0;  1 drivers
L_0000025dfefe4a20 .functor BUFT 1, C4<00000000000000000000000>, C4<0>, C4<0>, C4<0>;
v0000025dfefc34a0_0 .net *"_ivl_13", 22 0, L_0000025dfefe4a20;  1 drivers
v0000025dfefc21e0_0 .net *"_ivl_14", 31 0, L_0000025dff040a70;  1 drivers
L_0000025dfefe4a68 .functor BUFT 1, C4<00000000000000000000000000010000>, C4<0>, C4<0>, C4<0>;
v0000025dfefc2960_0 .net/2u *"_ivl_16", 31 0, L_0000025dfefe4a68;  1 drivers
v0000025dfefc1ce0_0 .net *"_ivl_19", 31 0, L_0000025dff041970;  1 drivers
v0000025dfefc1e20_0 .net *"_ivl_2", 15 0, L_0000025dff041330;  1 drivers
v0000025dfefc1f60_0 .net *"_ivl_22", 15 0, L_0000025dff0420f0;  1 drivers
v0000025dfefc2000_0 .net *"_ivl_24", 31 0, L_0000025dff0411f0;  1 drivers
L_0000025dfefe4ab0 .functor BUFT 1, C4<00000000000000000000000>, C4<0>, C4<0>, C4<0>;
v0000025dfefc20a0_0 .net *"_ivl_27", 22 0, L_0000025dfefe4ab0;  1 drivers
L_0000025dfefe4af8 .functor BUFT 1, C4<00000000000000000000000100000000>, C4<0>, C4<0>, C4<0>;
v0000025dfefc2280_0 .net/2u *"_ivl_28", 31 0, L_0000025dfefe4af8;  1 drivers
v0000025dfefc2a00_0 .net *"_ivl_31", 31 0, L_0000025dff042190;  1 drivers
v0000025dfefc26e0_0 .net *"_ivl_32", 31 0, L_0000025dff040f70;  1 drivers
L_0000025dfefe4b40 .functor BUFT 1, C4<00000000000000000000000>, C4<0>, C4<0>, C4<0>;
v0000025dfefc2320_0 .net *"_ivl_35", 22 0, L_0000025dfefe4b40;  1 drivers
v0000025dfefc2500_0 .net *"_ivl_36", 31 0, L_0000025dff041b50;  1 drivers
v0000025dfefc2780_0 .net *"_ivl_4", 12 0, L_0000025dff040ed0;  1 drivers
v0000025dfefc3220_0 .net/s *"_ivl_40", 31 0, L_0000025dff041c90;  1 drivers
v0000025dfefc2b40_0 .net/s *"_ivl_42", 31 0, L_0000025dff041650;  1 drivers
L_0000025dfefe49d8 .functor BUFT 1, C4<00000000000000000000000011111111>, C4<0>, C4<0>, C4<0>;
v0000025dfefc30e0_0 .net/2u *"_ivl_8", 31 0, L_0000025dfefe49d8;  1 drivers
v0000025dfefc32c0_0 .var/s "acc_local", 47 0;
v0000025dfefdf260_0 .var/s "accumulator", 47 0;
v0000025dfefdf4e0 .array/s "biases", 255 0, 15 0;
v0000025dfefde220_0 .var "busy", 0 0;
v0000025dfefdec20_0 .net "clk", 0 0, v0000025dfefe08e0_0;  alias, 1 drivers
v0000025dfefdf620_0 .var "done", 0 0;
v0000025dfefded60_0 .net/s "flat_input", 4095 0, v0000025dfefc3360_0;  alias, 1 drivers
v0000025dfefdee00_0 .var/s "flat_output", 4095 0;
v0000025dfefddc80_0 .net/s "in_val_w", 15 0, L_0000025dff040d90;  1 drivers
v0000025dfefdeea0_0 .var "input_idx", 8 0;
v0000025dfefdf300_0 .net/s "leaky_out", 15 0, L_0000025dff041f10;  1 drivers
v0000025dfefdde60_0 .var "neuron_idx", 8 0;
v0000025dfefdeb80_0 .var "neuron_idx_reg", 8 0;
v0000025dfefdf1c0_0 .var/s "out_val", 15 0;
v0000025dfefde7c0_0 .net/s "prod32_w", 31 0, L_0000025dff041010;  1 drivers
v0000025dfefdf3a0_0 .net "rst", 0 0, v0000025dfefe2d50_0;  alias, 1 drivers
v0000025dfefde860_0 .net "start", 0 0, v0000025dfefe1100_0;  1 drivers
v0000025dfefddaa0_0 .net/s "w_val_w", 15 0, L_0000025dfef3dca0;  1 drivers
v0000025dfefdddc0 .array/s "weights", 65535 0, 15 0;
v0000025dfefdf440_0 .var "write_out_reg", 0 0;
L_0000025dff0427d0 .part v0000025dfefdf1c0_0, 15, 1;
L_0000025dff040ed0 .part v0000025dfefdf1c0_0, 3, 13;
L_0000025dff041330 .extend/s 16, L_0000025dff040ed0;
L_0000025dff041f10 .functor MUXZ 16, v0000025dfefdf1c0_0, L_0000025dff041330, L_0000025dff0427d0, C4<>;
L_0000025dff040cf0 .concat [ 9 23 0 0], v0000025dfefdeea0_0, L_0000025dfefe4a20;
L_0000025dff040a70 .arith/sub 32, L_0000025dfefe49d8, L_0000025dff040cf0;
L_0000025dff041970 .arith/mult 32, L_0000025dff040a70, L_0000025dfefe4a68;
L_0000025dff040d90 .part/v v0000025dfefc3360_0, L_0000025dff041970, 16;
L_0000025dff0420f0 .array/port v0000025dfefdddc0, L_0000025dff041b50;
L_0000025dff0411f0 .concat [ 9 23 0 0], v0000025dfefdde60_0, L_0000025dfefe4ab0;
L_0000025dff042190 .arith/mult 32, L_0000025dff0411f0, L_0000025dfefe4af8;
L_0000025dff040f70 .concat [ 9 23 0 0], v0000025dfefdeea0_0, L_0000025dfefe4b40;
L_0000025dff041b50 .arith/sum 32, L_0000025dff042190, L_0000025dff040f70;
L_0000025dff041c90 .extend/s 32, L_0000025dff040d90;
L_0000025dff041650 .extend/s 32, L_0000025dfef3dca0;
L_0000025dff041010 .arith/mult 32, L_0000025dff041c90, L_0000025dff041650;
S_0000025dfefdfa60 .scope module, "l3gen" "layer3_generator_v2" 9 67, 12 12 0, S_0000025dfee62d20;
 .timescale -9 -12;
    .port_info 0 /INPUT 1 "clk";
    .port_info 1 /INPUT 1 "rst";
    .port_info 2 /INPUT 1 "start";
    .port_info 3 /INPUT 4096 "flat_input";
    .port_info 4 /OUTPUT 12544 "flat_output";
    .port_info 5 /OUTPUT 1 "done";
P_0000025dfedc95e0 .param/l "TOTAL_INPUTS" 1 12 28, +C4<00000000000000000000000100000000>;
P_0000025dfedc9618 .param/l "TOTAL_NEURONS" 1 12 27, +C4<00000000000000000000001100010000>;
v0000025dfefdef40_0 .net/s *"_ivl_0", 31 0, L_0000025dff042230;  1 drivers
v0000025dfefde040_0 .net/s *"_ivl_2", 31 0, L_0000025dff041290;  1 drivers
v0000025dfefdecc0_0 .var/s "acc_out_reg", 15 0;
v0000025dfefdefe0_0 .var/s "accumulator", 47 0;
v0000025dfefde2c0 .array/s "biases", 783 0, 15 0;
v0000025dfefdf580_0 .var "busy", 0 0;
v0000025dfefddd20_0 .net "clk", 0 0, v0000025dfefe08e0_0;  alias, 1 drivers
v0000025dfefde9a0_0 .var/s "current_bias", 15 0;
v0000025dfefde360_0 .var/s "current_input", 15 0;
v0000025dfefdf6c0_0 .var/s "current_weight", 15 0;
v0000025dfefdf080_0 .var "done", 0 0;
v0000025dfefde4a0_0 .net/s "flat_input", 4095 0, v0000025dfefdee00_0;  alias, 1 drivers
v0000025dfefdf120_0 .var/s "flat_output", 12543 0;
v0000025dfefdf760_0 .var "input_idx", 8 0;
v0000025dfefdd8c0_0 .var/i "memfile", 31 0;
v0000025dfefdd960_0 .var "neuron_idx", 9 0;
v0000025dfefdda00_0 .var "neuron_idx_out_reg", 9 0;
v0000025dfefde0e0_0 .var "output_written", 0 0;
v0000025dfefddbe0_0 .var "pipeline_valid", 0 0;
v0000025dfefddf00_0 .net/s "product", 31 0, L_0000025dff0413d0;  1 drivers
v0000025dfefddfa0_0 .net "rst", 0 0, v0000025dfefe2d50_0;  alias, 1 drivers
v0000025dfefdea40_0 .net "start", 0 0, v0000025dfefe12e0_0;  1 drivers
v0000025dfefde180 .array/s "weights", 200703 0, 15 0;
v0000025dfefde400_0 .var "write_output_reg", 0 0;
L_0000025dff042230 .extend/s 32, v0000025dfefde360_0;
L_0000025dff041290 .extend/s 32, v0000025dfefdf6c0_0;
L_0000025dff0413d0 .arith/mult 32, L_0000025dff042230, L_0000025dff041290;
S_0000025dfefdfbf0 .scope begin, "$ivl_for_loop0" "$ivl_for_loop0" 12 131, 12 131 0, S_0000025dfefdfa60;
 .timescale -9 -12;
v0000025dfefddb40_0 .var/i "j", 31 0;
S_0000025dfefe03c0 .scope module, "regin" "serialregisterIn" 9 40, 13 6 0, S_0000025dfee62d20;
 .timescale -9 -12;
    .port_info 0 /INPUT 1 "clk";
    .port_info 1 /INPUT 1 "rst";
    .port_info 2 /INPUT 1 "en";
    .port_info 3 /INPUT 16 "din";
    .port_info 4 /OUTPUT 1 "done";
    .port_info 5 /INPUT 6 "rd_addr";
    .port_info 6 /OUTPUT 16 "dout";
P_0000025dfedc8f60 .param/l "DATA_WIDTH" 0 13 7, +C4<00000000000000000000000000010000>;
P_0000025dfedc8f98 .param/l "DEPTH" 0 13 8, +C4<00000000000000000000000001000000>;
v0000025dfefde900_0 .net "clk", 0 0, v0000025dfefe08e0_0;  alias, 1 drivers
v0000025dfefde540_0 .var "count", 6 0;
v0000025dfefde5e0_0 .net "din", 15 0, v0000025dfefe0fc0_0;  1 drivers
v0000025dfefde680_0 .var "done", 0 0;
v0000025dfefdeae0_0 .var "dout", 15 0;
v0000025dfefde720_0 .net "en", 0 0, v0000025dfefe2000_0;  1 drivers
v0000025dfefe1ce0 .array "mem", 63 0, 15 0;
v0000025dfefe1ec0_0 .net "rd_addr", 5 0, o0000025dfef75778;  alias, 0 drivers
v0000025dfefe2140_0 .net "rst", 0 0, v0000025dfefe2d50_0;  alias, 1 drivers
E_0000025dfef21750/0 .event anyedge, v0000025dfefe1ec0_0, v0000025dfefe1ce0_0, v0000025dfefe1ce0_1, v0000025dfefe1ce0_2;
E_0000025dfef21750/1 .event anyedge, v0000025dfefe1ce0_3, v0000025dfefe1ce0_4, v0000025dfefe1ce0_5, v0000025dfefe1ce0_6;
E_0000025dfef21750/2 .event anyedge, v0000025dfefe1ce0_7, v0000025dfefe1ce0_8, v0000025dfefe1ce0_9, v0000025dfefe1ce0_10;
E_0000025dfef21750/3 .event anyedge, v0000025dfefe1ce0_11, v0000025dfefe1ce0_12, v0000025dfefe1ce0_13, v0000025dfefe1ce0_14;
E_0000025dfef21750/4 .event anyedge, v0000025dfefe1ce0_15, v0000025dfefe1ce0_16, v0000025dfefe1ce0_17, v0000025dfefe1ce0_18;
E_0000025dfef21750/5 .event anyedge, v0000025dfefe1ce0_19, v0000025dfefe1ce0_20, v0000025dfefe1ce0_21, v0000025dfefe1ce0_22;
E_0000025dfef21750/6 .event anyedge, v0000025dfefe1ce0_23, v0000025dfefe1ce0_24, v0000025dfefe1ce0_25, v0000025dfefe1ce0_26;
E_0000025dfef21750/7 .event anyedge, v0000025dfefe1ce0_27, v0000025dfefe1ce0_28, v0000025dfefe1ce0_29, v0000025dfefe1ce0_30;
E_0000025dfef21750/8 .event anyedge, v0000025dfefe1ce0_31, v0000025dfefe1ce0_32, v0000025dfefe1ce0_33, v0000025dfefe1ce0_34;
E_0000025dfef21750/9 .event anyedge, v0000025dfefe1ce0_35, v0000025dfefe1ce0_36, v0000025dfefe1ce0_37, v0000025dfefe1ce0_38;
E_0000025dfef21750/10 .event anyedge, v0000025dfefe1ce0_39, v0000025dfefe1ce0_40, v0000025dfefe1ce0_41, v0000025dfefe1ce0_42;
E_0000025dfef21750/11 .event anyedge, v0000025dfefe1ce0_43, v0000025dfefe1ce0_44, v0000025dfefe1ce0_45, v0000025dfefe1ce0_46;
E_0000025dfef21750/12 .event anyedge, v0000025dfefe1ce0_47, v0000025dfefe1ce0_48, v0000025dfefe1ce0_49, v0000025dfefe1ce0_50;
E_0000025dfef21750/13 .event anyedge, v0000025dfefe1ce0_51, v0000025dfefe1ce0_52, v0000025dfefe1ce0_53, v0000025dfefe1ce0_54;
E_0000025dfef21750/14 .event anyedge, v0000025dfefe1ce0_55, v0000025dfefe1ce0_56, v0000025dfefe1ce0_57, v0000025dfefe1ce0_58;
E_0000025dfef21750/15 .event anyedge, v0000025dfefe1ce0_59, v0000025dfefe1ce0_60, v0000025dfefe1ce0_61, v0000025dfefe1ce0_62;
E_0000025dfef21750/16 .event anyedge, v0000025dfefe1ce0_63;
E_0000025dfef21750 .event/or E_0000025dfef21750/0, E_0000025dfef21750/1, E_0000025dfef21750/2, E_0000025dfef21750/3, E_0000025dfef21750/4, E_0000025dfef21750/5, E_0000025dfef21750/6, E_0000025dfef21750/7, E_0000025dfef21750/8, E_0000025dfef21750/9, E_0000025dfef21750/10, E_0000025dfef21750/11, E_0000025dfef21750/12, E_0000025dfef21750/13, E_0000025dfef21750/14, E_0000025dfef21750/15, E_0000025dfef21750/16;
S_0000025dfefe0230 .scope module, "regout" "serialregisterOut" 9 78, 14 6 0, S_0000025dfee62d20;
 .timescale -9 -12;
    .port_info 0 /INPUT 1 "clk";
    .port_info 1 /INPUT 1 "rst";
    .port_info 2 /INPUT 1 "en";
    .port_info 3 /INPUT 1 "wr_en";
    .port_info 4 /INPUT 10 "wr_addr";
    .port_info 5 /INPUT 16 "din";
    .port_info 6 /OUTPUT 16 "dout";
    .port_info 7 /OUTPUT 1 "done";
P_0000025dfedc9560 .param/l "DATA_WIDTH" 0 14 7, +C4<00000000000000000000000000010000>;
P_0000025dfedc9598 .param/l "DEPTH" 0 14 8, +C4<00000000000000000000001100010000>;
v0000025dfefe16a0_0 .net "clk", 0 0, v0000025dfefe08e0_0;  alias, 1 drivers
v0000025dfefe0ca0_0 .var "count", 10 0;
v0000025dfefe25a0_0 .net "din", 15 0, v0000025dfefe1380_0;  1 drivers
v0000025dfefe0980_0 .var "done", 0 0;
v0000025dfefe0c00_0 .var "dout", 15 0;
v0000025dfefe26e0_0 .net "en", 0 0, v0000025dfefe14c0_0;  1 drivers
v0000025dfefe21e0 .array "mem", 783 0, 15 0;
v0000025dfefe1d80_0 .net "rst", 0 0, v0000025dfefe2d50_0;  alias, 1 drivers
v0000025dfefe1e20_0 .net "wr_addr", 9 0, v0000025dfefe1600_0;  1 drivers
v0000025dfefe1f60_0 .net "wr_en", 0 0, v0000025dfefe1740_0;  1 drivers
    .scope S_0000025dfef66780;
T_0 ;
    %wait E_0000025dfef205d0;
    %load/vec4 v0000025dfef14290_0;
    %cmpi/s 32767, 0, 32;
    %flag_or 5, 4; GT is !LE
    %flag_inv 5;
    %jmp/0xz  T_0.0, 5;
    %pushi/vec4 32767, 0, 16;
    %store/vec4 v0000025dfef146f0_0, 0, 16;
    %jmp T_0.1;
T_0.0 ;
    %load/vec4 v0000025dfef14290_0;
    %cmpi/s 4294934528, 0, 32;
    %jmp/0xz  T_0.2, 5;
    %pushi/vec4 32768, 0, 16;
    %store/vec4 v0000025dfef146f0_0, 0, 16;
    %jmp T_0.3;
T_0.2 ;
    %load/vec4 v0000025dfef14290_0;
    %parti/s 16, 0, 2;
    %store/vec4 v0000025dfef146f0_0, 0, 16;
T_0.3 ;
T_0.1 ;
    %jmp T_0;
    .thread T_0, $push;
    .scope S_0000025dfee9d840;
T_1 ;
    %wait E_0000025dfef20b90;
    %load/vec4 v0000025dfef15cd0_0;
    %cmpi/s 32767, 0, 32;
    %flag_or 5, 4; GT is !LE
    %flag_inv 5;
    %jmp/0xz  T_1.0, 5;
    %pushi/vec4 32767, 0, 16;
    %store/vec4 v0000025dfef15d70_0, 0, 16;
    %jmp T_1.1;
T_1.0 ;
    %load/vec4 v0000025dfef15cd0_0;
    %cmpi/s 4294934528, 0, 32;
    %jmp/0xz  T_1.2, 5;
    %pushi/vec4 32768, 0, 16;
    %store/vec4 v0000025dfef15d70_0, 0, 16;
    %jmp T_1.3;
T_1.2 ;
    %load/vec4 v0000025dfef15cd0_0;
    %parti/s 16, 0, 2;
    %store/vec4 v0000025dfef15d70_0, 0, 16;
T_1.3 ;
T_1.1 ;
    %jmp T_1;
    .thread T_1, $push;
    .scope S_0000025dfee9d9d0;
T_2 ;
    %wait E_0000025dfef20090;
    %load/vec4 v0000025dfeedcb40_0;
    %cmpi/s 32767, 0, 32;
    %flag_or 5, 4; GT is !LE
    %flag_inv 5;
    %jmp/0xz  T_2.0, 5;
    %pushi/vec4 32767, 0, 16;
    %store/vec4 v0000025dfefbec60_0, 0, 16;
    %jmp T_2.1;
T_2.0 ;
    %load/vec4 v0000025dfeedcb40_0;
    %cmpi/s 4294934528, 0, 32;
    %jmp/0xz  T_2.2, 5;
    %pushi/vec4 32768, 0, 16;
    %store/vec4 v0000025dfefbec60_0, 0, 16;
    %jmp T_2.3;
T_2.2 ;
    %load/vec4 v0000025dfeedcb40_0;
    %parti/s 16, 0, 2;
    %store/vec4 v0000025dfefbec60_0, 0, 16;
T_2.3 ;
T_2.1 ;
    %jmp T_2;
    .thread T_2, $push;
    .scope S_0000025dfeeb50a0;
T_3 ;
    %wait E_0000025dfef206d0;
    %load/vec4 v0000025dfefbe760_0;
    %cmpi/s 32767, 0, 32;
    %flag_or 5, 4; GT is !LE
    %flag_inv 5;
    %jmp/0xz  T_3.0, 5;
    %pushi/vec4 32767, 0, 16;
    %store/vec4 v0000025dfefbf200_0, 0, 16;
    %jmp T_3.1;
T_3.0 ;
    %load/vec4 v0000025dfefbe760_0;
    %cmpi/s 4294934528, 0, 32;
    %jmp/0xz  T_3.2, 5;
    %pushi/vec4 32768, 0, 16;
    %store/vec4 v0000025dfefbf200_0, 0, 16;
    %jmp T_3.3;
T_3.2 ;
    %load/vec4 v0000025dfefbe760_0;
    %parti/s 16, 0, 2;
    %store/vec4 v0000025dfefbf200_0, 0, 16;
T_3.3 ;
T_3.1 ;
    %jmp T_3;
    .thread T_3, $push;
    .scope S_0000025dfeeb5230;
T_4 ;
    %wait E_0000025dfef20750;
    %load/vec4 v0000025dfefbe6c0_0;
    %cmpi/s 32767, 0, 32;
    %flag_or 5, 4; GT is !LE
    %flag_inv 5;
    %jmp/0xz  T_4.0, 5;
    %pushi/vec4 32767, 0, 16;
    %store/vec4 v0000025dfefbef80_0, 0, 16;
    %jmp T_4.1;
T_4.0 ;
    %load/vec4 v0000025dfefbe6c0_0;
    %cmpi/s 4294934528, 0, 32;
    %jmp/0xz  T_4.2, 5;
    %pushi/vec4 32768, 0, 16;
    %store/vec4 v0000025dfefbef80_0, 0, 16;
    %jmp T_4.3;
T_4.2 ;
    %load/vec4 v0000025dfefbe6c0_0;
    %parti/s 16, 0, 2;
    %store/vec4 v0000025dfefbef80_0, 0, 16;
T_4.3 ;
T_4.1 ;
    %jmp T_4;
    .thread T_4, $push;
    .scope S_0000025dfee28e20;
T_5 ;
    %wait E_0000025dfef20810;
    %load/vec4 v0000025dfefbdc20_0;
    %cmpi/s 32767, 0, 32;
    %flag_or 5, 4; GT is !LE
    %flag_inv 5;
    %jmp/0xz  T_5.0, 5;
    %pushi/vec4 32767, 0, 16;
    %store/vec4 v0000025dfefbdd60_0, 0, 16;
    %jmp T_5.1;
T_5.0 ;
    %load/vec4 v0000025dfefbdc20_0;
    %cmpi/s 4294934528, 0, 32;
    %jmp/0xz  T_5.2, 5;
    %pushi/vec4 32768, 0, 16;
    %store/vec4 v0000025dfefbdd60_0, 0, 16;
    %jmp T_5.3;
T_5.2 ;
    %load/vec4 v0000025dfefbdc20_0;
    %parti/s 16, 0, 2;
    %store/vec4 v0000025dfefbdd60_0, 0, 16;
T_5.3 ;
T_5.1 ;
    %jmp T_5;
    .thread T_5, $push;
    .scope S_0000025dfee28fb0;
T_6 ;
    %wait E_0000025dfef20850;
    %load/vec4 v0000025dfefbe440_0;
    %cmpi/s 32767, 0, 32;
    %flag_or 5, 4; GT is !LE
    %flag_inv 5;
    %jmp/0xz  T_6.0, 5;
    %pushi/vec4 32767, 0, 16;
    %store/vec4 v0000025dfefbf480_0, 0, 16;
    %jmp T_6.1;
T_6.0 ;
    %load/vec4 v0000025dfefbe440_0;
    %cmpi/s 4294934528, 0, 32;
    %jmp/0xz  T_6.2, 5;
    %pushi/vec4 32768, 0, 16;
    %store/vec4 v0000025dfefbf480_0, 0, 16;
    %jmp T_6.3;
T_6.2 ;
    %load/vec4 v0000025dfefbe440_0;
    %parti/s 16, 0, 2;
    %store/vec4 v0000025dfefbf480_0, 0, 16;
T_6.3 ;
T_6.1 ;
    %jmp T_6;
    .thread T_6, $push;
    .scope S_0000025dfee65750;
T_7 ;
    %wait E_0000025dfef20b10;
    %load/vec4 v0000025dfefbe300_0;
    %cmpi/s 32767, 0, 32;
    %flag_or 5, 4; GT is !LE
    %flag_inv 5;
    %jmp/0xz  T_7.0, 5;
    %pushi/vec4 32767, 0, 16;
    %store/vec4 v0000025dfefbe620_0, 0, 16;
    %jmp T_7.1;
T_7.0 ;
    %load/vec4 v0000025dfefbe300_0;
    %cmpi/s 4294934528, 0, 32;
    %jmp/0xz  T_7.2, 5;
    %pushi/vec4 32768, 0, 16;
    %store/vec4 v0000025dfefbe620_0, 0, 16;
    %jmp T_7.3;
T_7.2 ;
    %load/vec4 v0000025dfefbe300_0;
    %parti/s 16, 0, 2;
    %store/vec4 v0000025dfefbe620_0, 0, 16;
T_7.3 ;
T_7.1 ;
    %jmp T_7;
    .thread T_7, $push;
    .scope S_0000025dfef12300;
T_8 ;
    %wait E_0000025dfef213d0;
    %load/vec4 v0000025dfefc03b0_0;
    %flag_set/vec4 8;
    %jmp/0xz  T_8.0, 8;
    %pushi/vec4 0, 0, 1;
    %assign/vec4 v0000025dfefbf910_0, 0;
    %pushi/vec4 0, 0, 1;
    %assign/vec4 v0000025dfefbfff0_0, 0;
    %pushi/vec4 0, 0, 1;
    %assign/vec4 v0000025dfefc0e50_0, 0;
    %pushi/vec4 0, 0, 1;
    %assign/vec4 v0000025dfefbfaf0_0, 0;
    %pushi/vec4 0, 0, 1;
    %assign/vec4 v0000025dfefbfb90_0, 0;
    %pushi/vec4 0, 0, 1;
    %assign/vec4 v0000025dfefbfd70_0, 0;
    %pushi/vec4 0, 0, 1;
    %assign/vec4 v0000025dfefc0ef0_0, 0;
    %pushi/vec4 0, 0, 1;
    %assign/vec4 v0000025dfefbfc30_0, 0;
    %pushi/vec4 0, 0, 16;
    %assign/vec4 v0000025dfefc0310_0, 0;
    %pushi/vec4 0, 0, 32;
    %assign/vec4 v0000025dfefc2be0_0, 0;
    %jmp T_8.1;
T_8.0 ;
    %load/vec4 v0000025dfefc1c40_0;
    %flag_set/vec4 8;
    %jmp/0xz  T_8.2, 8;
    %load/vec4 v0000025dfefc13f0_0;
    %parti/s 16, 0, 2;
    %ix/load 3, 0, 0;
    %flag_set/imm 4, 0;
    %ix/load 4, 0, 0; Constant delay
    %assign/vec4/a/d v0000025dfefc08b0, 0, 4;
    %load/vec4 v0000025dfefc0d10_0;
    %parti/s 16, 0, 2;
    %ix/load 3, 0, 0;
    %flag_set/imm 4, 0;
    %ix/load 4, 0, 0; Constant delay
    %assign/vec4/a/d v0000025dfefc0270, 0, 4;
    %load/vec4 v0000025dfefc13f0_0;
    %parti/s 16, 16, 6;
    %ix/load 3, 1, 0;
    %flag_set/imm 4, 0;
    %ix/load 4, 0, 0; Constant delay
    %assign/vec4/a/d v0000025dfefc08b0, 0, 4;
    %load/vec4 v0000025dfefc0d10_0;
    %parti/s 16, 16, 6;
    %ix/load 3, 1, 0;
    %flag_set/imm 4, 0;
    %ix/load 4, 0, 0; Constant delay
    %assign/vec4/a/d v0000025dfefc0270, 0, 4;
    %load/vec4 v0000025dfefc13f0_0;
    %parti/s 16, 32, 7;
    %ix/load 3, 2, 0;
    %flag_set/imm 4, 0;
    %ix/load 4, 0, 0; Constant delay
    %assign/vec4/a/d v0000025dfefc08b0, 0, 4;
    %load/vec4 v0000025dfefc0d10_0;
    %parti/s 16, 32, 7;
    %ix/load 3, 2, 0;
    %flag_set/imm 4, 0;
    %ix/load 4, 0, 0; Constant delay
    %assign/vec4/a/d v0000025dfefc0270, 0, 4;
    %load/vec4 v0000025dfefc13f0_0;
    %parti/s 16, 48, 7;
    %ix/load 3, 3, 0;
    %flag_set/imm 4, 0;
    %ix/load 4, 0, 0; Constant delay
    %assign/vec4/a/d v0000025dfefc08b0, 0, 4;
    %load/vec4 v0000025dfefc0d10_0;
    %parti/s 16, 48, 7;
    %ix/load 3, 3, 0;
    %flag_set/imm 4, 0;
    %ix/load 4, 0, 0; Constant delay
    %assign/vec4/a/d v0000025dfefc0270, 0, 4;
    %load/vec4 v0000025dfefc13f0_0;
    %parti/s 16, 64, 8;
    %ix/load 3, 4, 0;
    %flag_set/imm 4, 0;
    %ix/load 4, 0, 0; Constant delay
    %assign/vec4/a/d v0000025dfefc08b0, 0, 4;
    %load/vec4 v0000025dfefc0d10_0;
    %parti/s 16, 64, 8;
    %ix/load 3, 4, 0;
    %flag_set/imm 4, 0;
    %ix/load 4, 0, 0; Constant delay
    %assign/vec4/a/d v0000025dfefc0270, 0, 4;
    %load/vec4 v0000025dfefc13f0_0;
    %parti/s 16, 80, 8;
    %ix/load 3, 5, 0;
    %flag_set/imm 4, 0;
    %ix/load 4, 0, 0; Constant delay
    %assign/vec4/a/d v0000025dfefc08b0, 0, 4;
    %load/vec4 v0000025dfefc0d10_0;
    %parti/s 16, 80, 8;
    %ix/load 3, 5, 0;
    %flag_set/imm 4, 0;
    %ix/load 4, 0, 0; Constant delay
    %assign/vec4/a/d v0000025dfefc0270, 0, 4;
    %load/vec4 v0000025dfefc13f0_0;
    %parti/s 16, 96, 8;
    %ix/load 3, 6, 0;
    %flag_set/imm 4, 0;
    %ix/load 4, 0, 0; Constant delay
    %assign/vec4/a/d v0000025dfefc08b0, 0, 4;
    %load/vec4 v0000025dfefc0d10_0;
    %parti/s 16, 96, 8;
    %ix/load 3, 6, 0;
    %flag_set/imm 4, 0;
    %ix/load 4, 0, 0; Constant delay
    %assign/vec4/a/d v0000025dfefc0270, 0, 4;
    %load/vec4 v0000025dfefc13f0_0;
    %parti/s 16, 112, 8;
    %ix/load 3, 7, 0;
    %flag_set/imm 4, 0;
    %ix/load 4, 0, 0; Constant delay
    %assign/vec4/a/d v0000025dfefc08b0, 0, 4;
    %load/vec4 v0000025dfefc0d10_0;
    %parti/s 16, 112, 8;
    %ix/load 3, 7, 0;
    %flag_set/imm 4, 0;
    %ix/load 4, 0, 0; Constant delay
    %assign/vec4/a/d v0000025dfefc0270, 0, 4;
    %load/vec4 v0000025dfefc13f0_0;
    %parti/s 16, 128, 9;
    %ix/load 3, 8, 0;
    %flag_set/imm 4, 0;
    %ix/load 4, 0, 0; Constant delay
    %assign/vec4/a/d v0000025dfefc08b0, 0, 4;
    %load/vec4 v0000025dfefc0d10_0;
    %parti/s 16, 128, 9;
    %ix/load 3, 8, 0;
    %flag_set/imm 4, 0;
    %ix/load 4, 0, 0; Constant delay
    %assign/vec4/a/d v0000025dfefc0270, 0, 4;
    %load/vec4 v0000025dfefc13f0_0;
    %parti/s 16, 144, 9;
    %ix/load 3, 9, 0;
    %flag_set/imm 4, 0;
    %ix/load 4, 0, 0; Constant delay
    %assign/vec4/a/d v0000025dfefc08b0, 0, 4;
    %load/vec4 v0000025dfefc0d10_0;
    %parti/s 16, 144, 9;
    %ix/load 3, 9, 0;
    %flag_set/imm 4, 0;
    %ix/load 4, 0, 0; Constant delay
    %assign/vec4/a/d v0000025dfefc0270, 0, 4;
    %load/vec4 v0000025dfefc13f0_0;
    %parti/s 16, 160, 9;
    %ix/load 3, 10, 0;
    %flag_set/imm 4, 0;
    %ix/load 4, 0, 0; Constant delay
    %assign/vec4/a/d v0000025dfefc08b0, 0, 4;
    %load/vec4 v0000025dfefc0d10_0;
    %parti/s 16, 160, 9;
    %ix/load 3, 10, 0;
    %flag_set/imm 4, 0;
    %ix/load 4, 0, 0; Constant delay
    %assign/vec4/a/d v0000025dfefc0270, 0, 4;
    %load/vec4 v0000025dfefc13f0_0;
    %parti/s 16, 176, 9;
    %ix/load 3, 11, 0;
    %flag_set/imm 4, 0;
    %ix/load 4, 0, 0; Constant delay
    %assign/vec4/a/d v0000025dfefc08b0, 0, 4;
    %load/vec4 v0000025dfefc0d10_0;
    %parti/s 16, 176, 9;
    %ix/load 3, 11, 0;
    %flag_set/imm 4, 0;
    %ix/load 4, 0, 0; Constant delay
    %assign/vec4/a/d v0000025dfefc0270, 0, 4;
    %load/vec4 v0000025dfefc13f0_0;
    %parti/s 16, 192, 9;
    %ix/load 3, 12, 0;
    %flag_set/imm 4, 0;
    %ix/load 4, 0, 0; Constant delay
    %assign/vec4/a/d v0000025dfefc08b0, 0, 4;
    %load/vec4 v0000025dfefc0d10_0;
    %parti/s 16, 192, 9;
    %ix/load 3, 12, 0;
    %flag_set/imm 4, 0;
    %ix/load 4, 0, 0; Constant delay
    %assign/vec4/a/d v0000025dfefc0270, 0, 4;
    %load/vec4 v0000025dfefc13f0_0;
    %parti/s 16, 208, 9;
    %ix/load 3, 13, 0;
    %flag_set/imm 4, 0;
    %ix/load 4, 0, 0; Constant delay
    %assign/vec4/a/d v0000025dfefc08b0, 0, 4;
    %load/vec4 v0000025dfefc0d10_0;
    %parti/s 16, 208, 9;
    %ix/load 3, 13, 0;
    %flag_set/imm 4, 0;
    %ix/load 4, 0, 0; Constant delay
    %assign/vec4/a/d v0000025dfefc0270, 0, 4;
    %load/vec4 v0000025dfefc13f0_0;
    %parti/s 16, 224, 9;
    %ix/load 3, 14, 0;
    %flag_set/imm 4, 0;
    %ix/load 4, 0, 0; Constant delay
    %assign/vec4/a/d v0000025dfefc08b0, 0, 4;
    %load/vec4 v0000025dfefc0d10_0;
    %parti/s 16, 224, 9;
    %ix/load 3, 14, 0;
    %flag_set/imm 4, 0;
    %ix/load 4, 0, 0; Constant delay
    %assign/vec4/a/d v0000025dfefc0270, 0, 4;
    %load/vec4 v0000025dfefc13f0_0;
    %parti/s 16, 240, 9;
    %ix/load 3, 15, 0;
    %flag_set/imm 4, 0;
    %ix/load 4, 0, 0; Constant delay
    %assign/vec4/a/d v0000025dfefc08b0, 0, 4;
    %load/vec4 v0000025dfefc0d10_0;
    %parti/s 16, 240, 9;
    %ix/load 3, 15, 0;
    %flag_set/imm 4, 0;
    %ix/load 4, 0, 0; Constant delay
    %assign/vec4/a/d v0000025dfefc0270, 0, 4;
    %load/vec4 v0000025dfefc13f0_0;
    %parti/s 16, 256, 10;
    %ix/load 3, 16, 0;
    %flag_set/imm 4, 0;
    %ix/load 4, 0, 0; Constant delay
    %assign/vec4/a/d v0000025dfefc08b0, 0, 4;
    %load/vec4 v0000025dfefc0d10_0;
    %parti/s 16, 256, 10;
    %ix/load 3, 16, 0;
    %flag_set/imm 4, 0;
    %ix/load 4, 0, 0; Constant delay
    %assign/vec4/a/d v0000025dfefc0270, 0, 4;
    %load/vec4 v0000025dfefc13f0_0;
    %parti/s 16, 272, 10;
    %ix/load 3, 17, 0;
    %flag_set/imm 4, 0;
    %ix/load 4, 0, 0; Constant delay
    %assign/vec4/a/d v0000025dfefc08b0, 0, 4;
    %load/vec4 v0000025dfefc0d10_0;
    %parti/s 16, 272, 10;
    %ix/load 3, 17, 0;
    %flag_set/imm 4, 0;
    %ix/load 4, 0, 0; Constant delay
    %assign/vec4/a/d v0000025dfefc0270, 0, 4;
    %load/vec4 v0000025dfefc13f0_0;
    %parti/s 16, 288, 10;
    %ix/load 3, 18, 0;
    %flag_set/imm 4, 0;
    %ix/load 4, 0, 0; Constant delay
    %assign/vec4/a/d v0000025dfefc08b0, 0, 4;
    %load/vec4 v0000025dfefc0d10_0;
    %parti/s 16, 288, 10;
    %ix/load 3, 18, 0;
    %flag_set/imm 4, 0;
    %ix/load 4, 0, 0; Constant delay
    %assign/vec4/a/d v0000025dfefc0270, 0, 4;
    %load/vec4 v0000025dfefc13f0_0;
    %parti/s 16, 304, 10;
    %ix/load 3, 19, 0;
    %flag_set/imm 4, 0;
    %ix/load 4, 0, 0; Constant delay
    %assign/vec4/a/d v0000025dfefc08b0, 0, 4;
    %load/vec4 v0000025dfefc0d10_0;
    %parti/s 16, 304, 10;
    %ix/load 3, 19, 0;
    %flag_set/imm 4, 0;
    %ix/load 4, 0, 0; Constant delay
    %assign/vec4/a/d v0000025dfefc0270, 0, 4;
    %load/vec4 v0000025dfefc13f0_0;
    %parti/s 16, 320, 10;
    %ix/load 3, 20, 0;
    %flag_set/imm 4, 0;
    %ix/load 4, 0, 0; Constant delay
    %assign/vec4/a/d v0000025dfefc08b0, 0, 4;
    %load/vec4 v0000025dfefc0d10_0;
    %parti/s 16, 320, 10;
    %ix/load 3, 20, 0;
    %flag_set/imm 4, 0;
    %ix/load 4, 0, 0; Constant delay
    %assign/vec4/a/d v0000025dfefc0270, 0, 4;
    %load/vec4 v0000025dfefc13f0_0;
    %parti/s 16, 336, 10;
    %ix/load 3, 21, 0;
    %flag_set/imm 4, 0;
    %ix/load 4, 0, 0; Constant delay
    %assign/vec4/a/d v0000025dfefc08b0, 0, 4;
    %load/vec4 v0000025dfefc0d10_0;
    %parti/s 16, 336, 10;
    %ix/load 3, 21, 0;
    %flag_set/imm 4, 0;
    %ix/load 4, 0, 0; Constant delay
    %assign/vec4/a/d v0000025dfefc0270, 0, 4;
    %load/vec4 v0000025dfefc13f0_0;
    %parti/s 16, 352, 10;
    %ix/load 3, 22, 0;
    %flag_set/imm 4, 0;
    %ix/load 4, 0, 0; Constant delay
    %assign/vec4/a/d v0000025dfefc08b0, 0, 4;
    %load/vec4 v0000025dfefc0d10_0;
    %parti/s 16, 352, 10;
    %ix/load 3, 22, 0;
    %flag_set/imm 4, 0;
    %ix/load 4, 0, 0; Constant delay
    %assign/vec4/a/d v0000025dfefc0270, 0, 4;
    %load/vec4 v0000025dfefc13f0_0;
    %parti/s 16, 368, 10;
    %ix/load 3, 23, 0;
    %flag_set/imm 4, 0;
    %ix/load 4, 0, 0; Constant delay
    %assign/vec4/a/d v0000025dfefc08b0, 0, 4;
    %load/vec4 v0000025dfefc0d10_0;
    %parti/s 16, 368, 10;
    %ix/load 3, 23, 0;
    %flag_set/imm 4, 0;
    %ix/load 4, 0, 0; Constant delay
    %assign/vec4/a/d v0000025dfefc0270, 0, 4;
    %load/vec4 v0000025dfefc13f0_0;
    %parti/s 16, 384, 10;
    %ix/load 3, 24, 0;
    %flag_set/imm 4, 0;
    %ix/load 4, 0, 0; Constant delay
    %assign/vec4/a/d v0000025dfefc08b0, 0, 4;
    %load/vec4 v0000025dfefc0d10_0;
    %parti/s 16, 384, 10;
    %ix/load 3, 24, 0;
    %flag_set/imm 4, 0;
    %ix/load 4, 0, 0; Constant delay
    %assign/vec4/a/d v0000025dfefc0270, 0, 4;
    %load/vec4 v0000025dfefc13f0_0;
    %parti/s 16, 400, 10;
    %ix/load 3, 25, 0;
    %flag_set/imm 4, 0;
    %ix/load 4, 0, 0; Constant delay
    %assign/vec4/a/d v0000025dfefc08b0, 0, 4;
    %load/vec4 v0000025dfefc0d10_0;
    %parti/s 16, 400, 10;
    %ix/load 3, 25, 0;
    %flag_set/imm 4, 0;
    %ix/load 4, 0, 0; Constant delay
    %assign/vec4/a/d v0000025dfefc0270, 0, 4;
    %load/vec4 v0000025dfefc13f0_0;
    %parti/s 16, 416, 10;
    %ix/load 3, 26, 0;
    %flag_set/imm 4, 0;
    %ix/load 4, 0, 0; Constant delay
    %assign/vec4/a/d v0000025dfefc08b0, 0, 4;
    %load/vec4 v0000025dfefc0d10_0;
    %parti/s 16, 416, 10;
    %ix/load 3, 26, 0;
    %flag_set/imm 4, 0;
    %ix/load 4, 0, 0; Constant delay
    %assign/vec4/a/d v0000025dfefc0270, 0, 4;
    %load/vec4 v0000025dfefc13f0_0;
    %parti/s 16, 432, 10;
    %ix/load 3, 27, 0;
    %flag_set/imm 4, 0;
    %ix/load 4, 0, 0; Constant delay
    %assign/vec4/a/d v0000025dfefc08b0, 0, 4;
    %load/vec4 v0000025dfefc0d10_0;
    %parti/s 16, 432, 10;
    %ix/load 3, 27, 0;
    %flag_set/imm 4, 0;
    %ix/load 4, 0, 0; Constant delay
    %assign/vec4/a/d v0000025dfefc0270, 0, 4;
    %load/vec4 v0000025dfefc13f0_0;
    %parti/s 16, 448, 10;
    %ix/load 3, 28, 0;
    %flag_set/imm 4, 0;
    %ix/load 4, 0, 0; Constant delay
    %assign/vec4/a/d v0000025dfefc08b0, 0, 4;
    %load/vec4 v0000025dfefc0d10_0;
    %parti/s 16, 448, 10;
    %ix/load 3, 28, 0;
    %flag_set/imm 4, 0;
    %ix/load 4, 0, 0; Constant delay
    %assign/vec4/a/d v0000025dfefc0270, 0, 4;
    %load/vec4 v0000025dfefc13f0_0;
    %parti/s 16, 464, 10;
    %ix/load 3, 29, 0;
    %flag_set/imm 4, 0;
    %ix/load 4, 0, 0; Constant delay
    %assign/vec4/a/d v0000025dfefc08b0, 0, 4;
    %load/vec4 v0000025dfefc0d10_0;
    %parti/s 16, 464, 10;
    %ix/load 3, 29, 0;
    %flag_set/imm 4, 0;
    %ix/load 4, 0, 0; Constant delay
    %assign/vec4/a/d v0000025dfefc0270, 0, 4;
    %load/vec4 v0000025dfefc13f0_0;
    %parti/s 16, 480, 10;
    %ix/load 3, 30, 0;
    %flag_set/imm 4, 0;
    %ix/load 4, 0, 0; Constant delay
    %assign/vec4/a/d v0000025dfefc08b0, 0, 4;
    %load/vec4 v0000025dfefc0d10_0;
    %parti/s 16, 480, 10;
    %ix/load 3, 30, 0;
    %flag_set/imm 4, 0;
    %ix/load 4, 0, 0; Constant delay
    %assign/vec4/a/d v0000025dfefc0270, 0, 4;
    %load/vec4 v0000025dfefc13f0_0;
    %parti/s 16, 496, 10;
    %ix/load 3, 31, 0;
    %flag_set/imm 4, 0;
    %ix/load 4, 0, 0; Constant delay
    %assign/vec4/a/d v0000025dfefc08b0, 0, 4;
    %load/vec4 v0000025dfefc0d10_0;
    %parti/s 16, 496, 10;
    %ix/load 3, 31, 0;
    %flag_set/imm 4, 0;
    %ix/load 4, 0, 0; Constant delay
    %assign/vec4/a/d v0000025dfefc0270, 0, 4;
T_8.2 ;
    %load/vec4 v0000025dfefc1c40_0;
    %assign/vec4 v0000025dfefbf910_0, 0;
    %load/vec4 v0000025dfefbf910_0;
    %flag_set/vec4 8;
    %jmp/0xz  T_8.4, 8;
    %ix/load 4, 0, 0;
    %flag_set/imm 4, 0;
    %load/vec4a v0000025dfefc08b0, 4;
    %pad/s 32;
    %ix/load 4, 0, 0;
    %flag_set/imm 4, 0;
    %load/vec4a v0000025dfefc0270, 4;
    %pad/s 32;
    %mul;
    %ix/load 3, 0, 0;
    %flag_set/imm 4, 0;
    %ix/load 4, 0, 0; Constant delay
    %assign/vec4/a/d v0000025dfefc01d0, 0, 4;
    %ix/load 4, 1, 0;
    %flag_set/imm 4, 0;
    %load/vec4a v0000025dfefc08b0, 4;
    %pad/s 32;
    %ix/load 4, 1, 0;
    %flag_set/imm 4, 0;
    %load/vec4a v0000025dfefc0270, 4;
    %pad/s 32;
    %mul;
    %ix/load 3, 1, 0;
    %flag_set/imm 4, 0;
    %ix/load 4, 0, 0; Constant delay
    %assign/vec4/a/d v0000025dfefc01d0, 0, 4;
    %ix/load 4, 2, 0;
    %flag_set/imm 4, 0;
    %load/vec4a v0000025dfefc08b0, 4;
    %pad/s 32;
    %ix/load 4, 2, 0;
    %flag_set/imm 4, 0;
    %load/vec4a v0000025dfefc0270, 4;
    %pad/s 32;
    %mul;
    %ix/load 3, 2, 0;
    %flag_set/imm 4, 0;
    %ix/load 4, 0, 0; Constant delay
    %assign/vec4/a/d v0000025dfefc01d0, 0, 4;
    %ix/load 4, 3, 0;
    %flag_set/imm 4, 0;
    %load/vec4a v0000025dfefc08b0, 4;
    %pad/s 32;
    %ix/load 4, 3, 0;
    %flag_set/imm 4, 0;
    %load/vec4a v0000025dfefc0270, 4;
    %pad/s 32;
    %mul;
    %ix/load 3, 3, 0;
    %flag_set/imm 4, 0;
    %ix/load 4, 0, 0; Constant delay
    %assign/vec4/a/d v0000025dfefc01d0, 0, 4;
    %ix/load 4, 4, 0;
    %flag_set/imm 4, 0;
    %load/vec4a v0000025dfefc08b0, 4;
    %pad/s 32;
    %ix/load 4, 4, 0;
    %flag_set/imm 4, 0;
    %load/vec4a v0000025dfefc0270, 4;
    %pad/s 32;
    %mul;
    %ix/load 3, 4, 0;
    %flag_set/imm 4, 0;
    %ix/load 4, 0, 0; Constant delay
    %assign/vec4/a/d v0000025dfefc01d0, 0, 4;
    %ix/load 4, 5, 0;
    %flag_set/imm 4, 0;
    %load/vec4a v0000025dfefc08b0, 4;
    %pad/s 32;
    %ix/load 4, 5, 0;
    %flag_set/imm 4, 0;
    %load/vec4a v0000025dfefc0270, 4;
    %pad/s 32;
    %mul;
    %ix/load 3, 5, 0;
    %flag_set/imm 4, 0;
    %ix/load 4, 0, 0; Constant delay
    %assign/vec4/a/d v0000025dfefc01d0, 0, 4;
    %ix/load 4, 6, 0;
    %flag_set/imm 4, 0;
    %load/vec4a v0000025dfefc08b0, 4;
    %pad/s 32;
    %ix/load 4, 6, 0;
    %flag_set/imm 4, 0;
    %load/vec4a v0000025dfefc0270, 4;
    %pad/s 32;
    %mul;
    %ix/load 3, 6, 0;
    %flag_set/imm 4, 0;
    %ix/load 4, 0, 0; Constant delay
    %assign/vec4/a/d v0000025dfefc01d0, 0, 4;
    %ix/load 4, 7, 0;
    %flag_set/imm 4, 0;
    %load/vec4a v0000025dfefc08b0, 4;
    %pad/s 32;
    %ix/load 4, 7, 0;
    %flag_set/imm 4, 0;
    %load/vec4a v0000025dfefc0270, 4;
    %pad/s 32;
    %mul;
    %ix/load 3, 7, 0;
    %flag_set/imm 4, 0;
    %ix/load 4, 0, 0; Constant delay
    %assign/vec4/a/d v0000025dfefc01d0, 0, 4;
    %ix/load 4, 8, 0;
    %flag_set/imm 4, 0;
    %load/vec4a v0000025dfefc08b0, 4;
    %pad/s 32;
    %ix/load 4, 8, 0;
    %flag_set/imm 4, 0;
    %load/vec4a v0000025dfefc0270, 4;
    %pad/s 32;
    %mul;
    %ix/load 3, 8, 0;
    %flag_set/imm 4, 0;
    %ix/load 4, 0, 0; Constant delay
    %assign/vec4/a/d v0000025dfefc01d0, 0, 4;
    %ix/load 4, 9, 0;
    %flag_set/imm 4, 0;
    %load/vec4a v0000025dfefc08b0, 4;
    %pad/s 32;
    %ix/load 4, 9, 0;
    %flag_set/imm 4, 0;
    %load/vec4a v0000025dfefc0270, 4;
    %pad/s 32;
    %mul;
    %ix/load 3, 9, 0;
    %flag_set/imm 4, 0;
    %ix/load 4, 0, 0; Constant delay
    %assign/vec4/a/d v0000025dfefc01d0, 0, 4;
    %ix/load 4, 10, 0;
    %flag_set/imm 4, 0;
    %load/vec4a v0000025dfefc08b0, 4;
    %pad/s 32;
    %ix/load 4, 10, 0;
    %flag_set/imm 4, 0;
    %load/vec4a v0000025dfefc0270, 4;
    %pad/s 32;
    %mul;
    %ix/load 3, 10, 0;
    %flag_set/imm 4, 0;
    %ix/load 4, 0, 0; Constant delay
    %assign/vec4/a/d v0000025dfefc01d0, 0, 4;
    %ix/load 4, 11, 0;
    %flag_set/imm 4, 0;
    %load/vec4a v0000025dfefc08b0, 4;
    %pad/s 32;
    %ix/load 4, 11, 0;
    %flag_set/imm 4, 0;
    %load/vec4a v0000025dfefc0270, 4;
    %pad/s 32;
    %mul;
    %ix/load 3, 11, 0;
    %flag_set/imm 4, 0;
    %ix/load 4, 0, 0; Constant delay
    %assign/vec4/a/d v0000025dfefc01d0, 0, 4;
    %ix/load 4, 12, 0;
    %flag_set/imm 4, 0;
    %load/vec4a v0000025dfefc08b0, 4;
    %pad/s 32;
    %ix/load 4, 12, 0;
    %flag_set/imm 4, 0;
    %load/vec4a v0000025dfefc0270, 4;
    %pad/s 32;
    %mul;
    %ix/load 3, 12, 0;
    %flag_set/imm 4, 0;
    %ix/load 4, 0, 0; Constant delay
    %assign/vec4/a/d v0000025dfefc01d0, 0, 4;
    %ix/load 4, 13, 0;
    %flag_set/imm 4, 0;
    %load/vec4a v0000025dfefc08b0, 4;
    %pad/s 32;
    %ix/load 4, 13, 0;
    %flag_set/imm 4, 0;
    %load/vec4a v0000025dfefc0270, 4;
    %pad/s 32;
    %mul;
    %ix/load 3, 13, 0;
    %flag_set/imm 4, 0;
    %ix/load 4, 0, 0; Constant delay
    %assign/vec4/a/d v0000025dfefc01d0, 0, 4;
    %ix/load 4, 14, 0;
    %flag_set/imm 4, 0;
    %load/vec4a v0000025dfefc08b0, 4;
    %pad/s 32;
    %ix/load 4, 14, 0;
    %flag_set/imm 4, 0;
    %load/vec4a v0000025dfefc0270, 4;
    %pad/s 32;
    %mul;
    %ix/load 3, 14, 0;
    %flag_set/imm 4, 0;
    %ix/load 4, 0, 0; Constant delay
    %assign/vec4/a/d v0000025dfefc01d0, 0, 4;
    %ix/load 4, 15, 0;
    %flag_set/imm 4, 0;
    %load/vec4a v0000025dfefc08b0, 4;
    %pad/s 32;
    %ix/load 4, 15, 0;
    %flag_set/imm 4, 0;
    %load/vec4a v0000025dfefc0270, 4;
    %pad/s 32;
    %mul;
    %ix/load 3, 15, 0;
    %flag_set/imm 4, 0;
    %ix/load 4, 0, 0; Constant delay
    %assign/vec4/a/d v0000025dfefc01d0, 0, 4;
    %ix/load 4, 16, 0;
    %flag_set/imm 4, 0;
    %load/vec4a v0000025dfefc08b0, 4;
    %pad/s 32;
    %ix/load 4, 16, 0;
    %flag_set/imm 4, 0;
    %load/vec4a v0000025dfefc0270, 4;
    %pad/s 32;
    %mul;
    %ix/load 3, 16, 0;
    %flag_set/imm 4, 0;
    %ix/load 4, 0, 0; Constant delay
    %assign/vec4/a/d v0000025dfefc01d0, 0, 4;
    %ix/load 4, 17, 0;
    %flag_set/imm 4, 0;
    %load/vec4a v0000025dfefc08b0, 4;
    %pad/s 32;
    %ix/load 4, 17, 0;
    %flag_set/imm 4, 0;
    %load/vec4a v0000025dfefc0270, 4;
    %pad/s 32;
    %mul;
    %ix/load 3, 17, 0;
    %flag_set/imm 4, 0;
    %ix/load 4, 0, 0; Constant delay
    %assign/vec4/a/d v0000025dfefc01d0, 0, 4;
    %ix/load 4, 18, 0;
    %flag_set/imm 4, 0;
    %load/vec4a v0000025dfefc08b0, 4;
    %pad/s 32;
    %ix/load 4, 18, 0;
    %flag_set/imm 4, 0;
    %load/vec4a v0000025dfefc0270, 4;
    %pad/s 32;
    %mul;
    %ix/load 3, 18, 0;
    %flag_set/imm 4, 0;
    %ix/load 4, 0, 0; Constant delay
    %assign/vec4/a/d v0000025dfefc01d0, 0, 4;
    %ix/load 4, 19, 0;
    %flag_set/imm 4, 0;
    %load/vec4a v0000025dfefc08b0, 4;
    %pad/s 32;
    %ix/load 4, 19, 0;
    %flag_set/imm 4, 0;
    %load/vec4a v0000025dfefc0270, 4;
    %pad/s 32;
    %mul;
    %ix/load 3, 19, 0;
    %flag_set/imm 4, 0;
    %ix/load 4, 0, 0; Constant delay
    %assign/vec4/a/d v0000025dfefc01d0, 0, 4;
    %ix/load 4, 20, 0;
    %flag_set/imm 4, 0;
    %load/vec4a v0000025dfefc08b0, 4;
    %pad/s 32;
    %ix/load 4, 20, 0;
    %flag_set/imm 4, 0;
    %load/vec4a v0000025dfefc0270, 4;
    %pad/s 32;
    %mul;
    %ix/load 3, 20, 0;
    %flag_set/imm 4, 0;
    %ix/load 4, 0, 0; Constant delay
    %assign/vec4/a/d v0000025dfefc01d0, 0, 4;
    %ix/load 4, 21, 0;
    %flag_set/imm 4, 0;
    %load/vec4a v0000025dfefc08b0, 4;
    %pad/s 32;
    %ix/load 4, 21, 0;
    %flag_set/imm 4, 0;
    %load/vec4a v0000025dfefc0270, 4;
    %pad/s 32;
    %mul;
    %ix/load 3, 21, 0;
    %flag_set/imm 4, 0;
    %ix/load 4, 0, 0; Constant delay
    %assign/vec4/a/d v0000025dfefc01d0, 0, 4;
    %ix/load 4, 22, 0;
    %flag_set/imm 4, 0;
    %load/vec4a v0000025dfefc08b0, 4;
    %pad/s 32;
    %ix/load 4, 22, 0;
    %flag_set/imm 4, 0;
    %load/vec4a v0000025dfefc0270, 4;
    %pad/s 32;
    %mul;
    %ix/load 3, 22, 0;
    %flag_set/imm 4, 0;
    %ix/load 4, 0, 0; Constant delay
    %assign/vec4/a/d v0000025dfefc01d0, 0, 4;
    %ix/load 4, 23, 0;
    %flag_set/imm 4, 0;
    %load/vec4a v0000025dfefc08b0, 4;
    %pad/s 32;
    %ix/load 4, 23, 0;
    %flag_set/imm 4, 0;
    %load/vec4a v0000025dfefc0270, 4;
    %pad/s 32;
    %mul;
    %ix/load 3, 23, 0;
    %flag_set/imm 4, 0;
    %ix/load 4, 0, 0; Constant delay
    %assign/vec4/a/d v0000025dfefc01d0, 0, 4;
    %ix/load 4, 24, 0;
    %flag_set/imm 4, 0;
    %load/vec4a v0000025dfefc08b0, 4;
    %pad/s 32;
    %ix/load 4, 24, 0;
    %flag_set/imm 4, 0;
    %load/vec4a v0000025dfefc0270, 4;
    %pad/s 32;
    %mul;
    %ix/load 3, 24, 0;
    %flag_set/imm 4, 0;
    %ix/load 4, 0, 0; Constant delay
    %assign/vec4/a/d v0000025dfefc01d0, 0, 4;
    %ix/load 4, 25, 0;
    %flag_set/imm 4, 0;
    %load/vec4a v0000025dfefc08b0, 4;
    %pad/s 32;
    %ix/load 4, 25, 0;
    %flag_set/imm 4, 0;
    %load/vec4a v0000025dfefc0270, 4;
    %pad/s 32;
    %mul;
    %ix/load 3, 25, 0;
    %flag_set/imm 4, 0;
    %ix/load 4, 0, 0; Constant delay
    %assign/vec4/a/d v0000025dfefc01d0, 0, 4;
    %ix/load 4, 26, 0;
    %flag_set/imm 4, 0;
    %load/vec4a v0000025dfefc08b0, 4;
    %pad/s 32;
    %ix/load 4, 26, 0;
    %flag_set/imm 4, 0;
    %load/vec4a v0000025dfefc0270, 4;
    %pad/s 32;
    %mul;
    %ix/load 3, 26, 0;
    %flag_set/imm 4, 0;
    %ix/load 4, 0, 0; Constant delay
    %assign/vec4/a/d v0000025dfefc01d0, 0, 4;
    %ix/load 4, 27, 0;
    %flag_set/imm 4, 0;
    %load/vec4a v0000025dfefc08b0, 4;
    %pad/s 32;
    %ix/load 4, 27, 0;
    %flag_set/imm 4, 0;
    %load/vec4a v0000025dfefc0270, 4;
    %pad/s 32;
    %mul;
    %ix/load 3, 27, 0;
    %flag_set/imm 4, 0;
    %ix/load 4, 0, 0; Constant delay
    %assign/vec4/a/d v0000025dfefc01d0, 0, 4;
    %ix/load 4, 28, 0;
    %flag_set/imm 4, 0;
    %load/vec4a v0000025dfefc08b0, 4;
    %pad/s 32;
    %ix/load 4, 28, 0;
    %flag_set/imm 4, 0;
    %load/vec4a v0000025dfefc0270, 4;
    %pad/s 32;
    %mul;
    %ix/load 3, 28, 0;
    %flag_set/imm 4, 0;
    %ix/load 4, 0, 0; Constant delay
    %assign/vec4/a/d v0000025dfefc01d0, 0, 4;
    %ix/load 4, 29, 0;
    %flag_set/imm 4, 0;
    %load/vec4a v0000025dfefc08b0, 4;
    %pad/s 32;
    %ix/load 4, 29, 0;
    %flag_set/imm 4, 0;
    %load/vec4a v0000025dfefc0270, 4;
    %pad/s 32;
    %mul;
    %ix/load 3, 29, 0;
    %flag_set/imm 4, 0;
    %ix/load 4, 0, 0; Constant delay
    %assign/vec4/a/d v0000025dfefc01d0, 0, 4;
    %ix/load 4, 30, 0;
    %flag_set/imm 4, 0;
    %load/vec4a v0000025dfefc08b0, 4;
    %pad/s 32;
    %ix/load 4, 30, 0;
    %flag_set/imm 4, 0;
    %load/vec4a v0000025dfefc0270, 4;
    %pad/s 32;
    %mul;
    %ix/load 3, 30, 0;
    %flag_set/imm 4, 0;
    %ix/load 4, 0, 0; Constant delay
    %assign/vec4/a/d v0000025dfefc01d0, 0, 4;
    %ix/load 4, 31, 0;
    %flag_set/imm 4, 0;
    %load/vec4a v0000025dfefc08b0, 4;
    %pad/s 32;
    %ix/load 4, 31, 0;
    %flag_set/imm 4, 0;
    %load/vec4a v0000025dfefc0270, 4;
    %pad/s 32;
    %mul;
    %ix/load 3, 31, 0;
    %flag_set/imm 4, 0;
    %ix/load 4, 0, 0; Constant delay
    %assign/vec4/a/d v0000025dfefc01d0, 0, 4;
T_8.4 ;
    %load/vec4 v0000025dfefbf910_0;
    %assign/vec4 v0000025dfefbfff0_0, 0;
    %load/vec4 v0000025dfefbfff0_0;
    %flag_set/vec4 8;
    %jmp/0xz  T_8.6, 8;
    %ix/load 4, 0, 0;
    %flag_set/imm 4, 0;
    %load/vec4a v0000025dfefc01d0, 4;
    %ix/load 4, 1, 0;
    %flag_set/imm 4, 0;
    %load/vec4a v0000025dfefc01d0, 4;
    %add;
    %ix/load 3, 0, 0;
    %flag_set/imm 4, 0;
    %ix/load 4, 0, 0; Constant delay
    %assign/vec4/a/d v0000025dfefc0630, 0, 4;
    %ix/load 4, 2, 0;
    %flag_set/imm 4, 0;
    %load/vec4a v0000025dfefc01d0, 4;
    %ix/load 4, 3, 0;
    %flag_set/imm 4, 0;
    %load/vec4a v0000025dfefc01d0, 4;
    %add;
    %ix/load 3, 1, 0;
    %flag_set/imm 4, 0;
    %ix/load 4, 0, 0; Constant delay
    %assign/vec4/a/d v0000025dfefc0630, 0, 4;
    %ix/load 4, 4, 0;
    %flag_set/imm 4, 0;
    %load/vec4a v0000025dfefc01d0, 4;
    %ix/load 4, 5, 0;
    %flag_set/imm 4, 0;
    %load/vec4a v0000025dfefc01d0, 4;
    %add;
    %ix/load 3, 2, 0;
    %flag_set/imm 4, 0;
    %ix/load 4, 0, 0; Constant delay
    %assign/vec4/a/d v0000025dfefc0630, 0, 4;
    %ix/load 4, 6, 0;
    %flag_set/imm 4, 0;
    %load/vec4a v0000025dfefc01d0, 4;
    %ix/load 4, 7, 0;
    %flag_set/imm 4, 0;
    %load/vec4a v0000025dfefc01d0, 4;
    %add;
    %ix/load 3, 3, 0;
    %flag_set/imm 4, 0;
    %ix/load 4, 0, 0; Constant delay
    %assign/vec4/a/d v0000025dfefc0630, 0, 4;
    %ix/load 4, 8, 0;
    %flag_set/imm 4, 0;
    %load/vec4a v0000025dfefc01d0, 4;
    %ix/load 4, 9, 0;
    %flag_set/imm 4, 0;
    %load/vec4a v0000025dfefc01d0, 4;
    %add;
    %ix/load 3, 4, 0;
    %flag_set/imm 4, 0;
    %ix/load 4, 0, 0; Constant delay
    %assign/vec4/a/d v0000025dfefc0630, 0, 4;
    %ix/load 4, 10, 0;
    %flag_set/imm 4, 0;
    %load/vec4a v0000025dfefc01d0, 4;
    %ix/load 4, 11, 0;
    %flag_set/imm 4, 0;
    %load/vec4a v0000025dfefc01d0, 4;
    %add;
    %ix/load 3, 5, 0;
    %flag_set/imm 4, 0;
    %ix/load 4, 0, 0; Constant delay
    %assign/vec4/a/d v0000025dfefc0630, 0, 4;
    %ix/load 4, 12, 0;
    %flag_set/imm 4, 0;
    %load/vec4a v0000025dfefc01d0, 4;
    %ix/load 4, 13, 0;
    %flag_set/imm 4, 0;
    %load/vec4a v0000025dfefc01d0, 4;
    %add;
    %ix/load 3, 6, 0;
    %flag_set/imm 4, 0;
    %ix/load 4, 0, 0; Constant delay
    %assign/vec4/a/d v0000025dfefc0630, 0, 4;
    %ix/load 4, 14, 0;
    %flag_set/imm 4, 0;
    %load/vec4a v0000025dfefc01d0, 4;
    %ix/load 4, 15, 0;
    %flag_set/imm 4, 0;
    %load/vec4a v0000025dfefc01d0, 4;
    %add;
    %ix/load 3, 7, 0;
    %flag_set/imm 4, 0;
    %ix/load 4, 0, 0; Constant delay
    %assign/vec4/a/d v0000025dfefc0630, 0, 4;
    %ix/load 4, 16, 0;
    %flag_set/imm 4, 0;
    %load/vec4a v0000025dfefc01d0, 4;
    %ix/load 4, 17, 0;
    %flag_set/imm 4, 0;
    %load/vec4a v0000025dfefc01d0, 4;
    %add;
    %ix/load 3, 8, 0;
    %flag_set/imm 4, 0;
    %ix/load 4, 0, 0; Constant delay
    %assign/vec4/a/d v0000025dfefc0630, 0, 4;
    %ix/load 4, 18, 0;
    %flag_set/imm 4, 0;
    %load/vec4a v0000025dfefc01d0, 4;
    %ix/load 4, 19, 0;
    %flag_set/imm 4, 0;
    %load/vec4a v0000025dfefc01d0, 4;
    %add;
    %ix/load 3, 9, 0;
    %flag_set/imm 4, 0;
    %ix/load 4, 0, 0; Constant delay
    %assign/vec4/a/d v0000025dfefc0630, 0, 4;
    %ix/load 4, 20, 0;
    %flag_set/imm 4, 0;
    %load/vec4a v0000025dfefc01d0, 4;
    %ix/load 4, 21, 0;
    %flag_set/imm 4, 0;
    %load/vec4a v0000025dfefc01d0, 4;
    %add;
    %ix/load 3, 10, 0;
    %flag_set/imm 4, 0;
    %ix/load 4, 0, 0; Constant delay
    %assign/vec4/a/d v0000025dfefc0630, 0, 4;
    %ix/load 4, 22, 0;
    %flag_set/imm 4, 0;
    %load/vec4a v0000025dfefc01d0, 4;
    %ix/load 4, 23, 0;
    %flag_set/imm 4, 0;
    %load/vec4a v0000025dfefc01d0, 4;
    %add;
    %ix/load 3, 11, 0;
    %flag_set/imm 4, 0;
    %ix/load 4, 0, 0; Constant delay
    %assign/vec4/a/d v0000025dfefc0630, 0, 4;
    %ix/load 4, 24, 0;
    %flag_set/imm 4, 0;
    %load/vec4a v0000025dfefc01d0, 4;
    %ix/load 4, 25, 0;
    %flag_set/imm 4, 0;
    %load/vec4a v0000025dfefc01d0, 4;
    %add;
    %ix/load 3, 12, 0;
    %flag_set/imm 4, 0;
    %ix/load 4, 0, 0; Constant delay
    %assign/vec4/a/d v0000025dfefc0630, 0, 4;
    %ix/load 4, 26, 0;
    %flag_set/imm 4, 0;
    %load/vec4a v0000025dfefc01d0, 4;
    %ix/load 4, 27, 0;
    %flag_set/imm 4, 0;
    %load/vec4a v0000025dfefc01d0, 4;
    %add;
    %ix/load 3, 13, 0;
    %flag_set/imm 4, 0;
    %ix/load 4, 0, 0; Constant delay
    %assign/vec4/a/d v0000025dfefc0630, 0, 4;
    %ix/load 4, 28, 0;
    %flag_set/imm 4, 0;
    %load/vec4a v0000025dfefc01d0, 4;
    %ix/load 4, 29, 0;
    %flag_set/imm 4, 0;
    %load/vec4a v0000025dfefc01d0, 4;
    %add;
    %ix/load 3, 14, 0;
    %flag_set/imm 4, 0;
    %ix/load 4, 0, 0; Constant delay
    %assign/vec4/a/d v0000025dfefc0630, 0, 4;
    %ix/load 4, 30, 0;
    %flag_set/imm 4, 0;
    %load/vec4a v0000025dfefc01d0, 4;
    %ix/load 4, 31, 0;
    %flag_set/imm 4, 0;
    %load/vec4a v0000025dfefc01d0, 4;
    %add;
    %ix/load 3, 15, 0;
    %flag_set/imm 4, 0;
    %ix/load 4, 0, 0; Constant delay
    %assign/vec4/a/d v0000025dfefc0630, 0, 4;
T_8.6 ;
    %load/vec4 v0000025dfefbfff0_0;
    %assign/vec4 v0000025dfefc0e50_0, 0;
    %load/vec4 v0000025dfefc0e50_0;
    %flag_set/vec4 8;
    %jmp/0xz  T_8.8, 8;
    %ix/load 4, 0, 0;
    %flag_set/imm 4, 0;
    %load/vec4a v0000025dfefc0630, 4;
    %ix/load 4, 1, 0;
    %flag_set/imm 4, 0;
    %load/vec4a v0000025dfefc0630, 4;
    %add;
    %ix/load 3, 0, 0;
    %flag_set/imm 4, 0;
    %ix/load 4, 0, 0; Constant delay
    %assign/vec4/a/d v0000025dfefc0950, 0, 4;
    %ix/load 4, 2, 0;
    %flag_set/imm 4, 0;
    %load/vec4a v0000025dfefc0630, 4;
    %ix/load 4, 3, 0;
    %flag_set/imm 4, 0;
    %load/vec4a v0000025dfefc0630, 4;
    %add;
    %ix/load 3, 1, 0;
    %flag_set/imm 4, 0;
    %ix/load 4, 0, 0; Constant delay
    %assign/vec4/a/d v0000025dfefc0950, 0, 4;
    %ix/load 4, 4, 0;
    %flag_set/imm 4, 0;
    %load/vec4a v0000025dfefc0630, 4;
    %ix/load 4, 5, 0;
    %flag_set/imm 4, 0;
    %load/vec4a v0000025dfefc0630, 4;
    %add;
    %ix/load 3, 2, 0;
    %flag_set/imm 4, 0;
    %ix/load 4, 0, 0; Constant delay
    %assign/vec4/a/d v0000025dfefc0950, 0, 4;
    %ix/load 4, 6, 0;
    %flag_set/imm 4, 0;
    %load/vec4a v0000025dfefc0630, 4;
    %ix/load 4, 7, 0;
    %flag_set/imm 4, 0;
    %load/vec4a v0000025dfefc0630, 4;
    %add;
    %ix/load 3, 3, 0;
    %flag_set/imm 4, 0;
    %ix/load 4, 0, 0; Constant delay
    %assign/vec4/a/d v0000025dfefc0950, 0, 4;
    %ix/load 4, 8, 0;
    %flag_set/imm 4, 0;
    %load/vec4a v0000025dfefc0630, 4;
    %ix/load 4, 9, 0;
    %flag_set/imm 4, 0;
    %load/vec4a v0000025dfefc0630, 4;
    %add;
    %ix/load 3, 4, 0;
    %flag_set/imm 4, 0;
    %ix/load 4, 0, 0; Constant delay
    %assign/vec4/a/d v0000025dfefc0950, 0, 4;
    %ix/load 4, 10, 0;
    %flag_set/imm 4, 0;
    %load/vec4a v0000025dfefc0630, 4;
    %ix/load 4, 11, 0;
    %flag_set/imm 4, 0;
    %load/vec4a v0000025dfefc0630, 4;
    %add;
    %ix/load 3, 5, 0;
    %flag_set/imm 4, 0;
    %ix/load 4, 0, 0; Constant delay
    %assign/vec4/a/d v0000025dfefc0950, 0, 4;
    %ix/load 4, 12, 0;
    %flag_set/imm 4, 0;
    %load/vec4a v0000025dfefc0630, 4;
    %ix/load 4, 13, 0;
    %flag_set/imm 4, 0;
    %load/vec4a v0000025dfefc0630, 4;
    %add;
    %ix/load 3, 6, 0;
    %flag_set/imm 4, 0;
    %ix/load 4, 0, 0; Constant delay
    %assign/vec4/a/d v0000025dfefc0950, 0, 4;
    %ix/load 4, 14, 0;
    %flag_set/imm 4, 0;
    %load/vec4a v0000025dfefc0630, 4;
    %ix/load 4, 15, 0;
    %flag_set/imm 4, 0;
    %load/vec4a v0000025dfefc0630, 4;
    %add;
    %ix/load 3, 7, 0;
    %flag_set/imm 4, 0;
    %ix/load 4, 0, 0; Constant delay
    %assign/vec4/a/d v0000025dfefc0950, 0, 4;
T_8.8 ;
    %load/vec4 v0000025dfefc0e50_0;
    %assign/vec4 v0000025dfefbfaf0_0, 0;
    %load/vec4 v0000025dfefbfaf0_0;
    %flag_set/vec4 8;
    %jmp/0xz  T_8.10, 8;
    %ix/load 4, 0, 0;
    %flag_set/imm 4, 0;
    %load/vec4a v0000025dfefc0950, 4;
    %ix/load 4, 1, 0;
    %flag_set/imm 4, 0;
    %load/vec4a v0000025dfefc0950, 4;
    %add;
    %ix/load 3, 0, 0;
    %flag_set/imm 4, 0;
    %ix/load 4, 0, 0; Constant delay
    %assign/vec4/a/d v0000025dfefc2aa0, 0, 4;
    %ix/load 4, 2, 0;
    %flag_set/imm 4, 0;
    %load/vec4a v0000025dfefc0950, 4;
    %ix/load 4, 3, 0;
    %flag_set/imm 4, 0;
    %load/vec4a v0000025dfefc0950, 4;
    %add;
    %ix/load 3, 1, 0;
    %flag_set/imm 4, 0;
    %ix/load 4, 0, 0; Constant delay
    %assign/vec4/a/d v0000025dfefc2aa0, 0, 4;
    %ix/load 4, 4, 0;
    %flag_set/imm 4, 0;
    %load/vec4a v0000025dfefc0950, 4;
    %ix/load 4, 5, 0;
    %flag_set/imm 4, 0;
    %load/vec4a v0000025dfefc0950, 4;
    %add;
    %ix/load 3, 2, 0;
    %flag_set/imm 4, 0;
    %ix/load 4, 0, 0; Constant delay
    %assign/vec4/a/d v0000025dfefc2aa0, 0, 4;
    %ix/load 4, 6, 0;
    %flag_set/imm 4, 0;
    %load/vec4a v0000025dfefc0950, 4;
    %ix/load 4, 7, 0;
    %flag_set/imm 4, 0;
    %load/vec4a v0000025dfefc0950, 4;
    %add;
    %ix/load 3, 3, 0;
    %flag_set/imm 4, 0;
    %ix/load 4, 0, 0; Constant delay
    %assign/vec4/a/d v0000025dfefc2aa0, 0, 4;
T_8.10 ;
    %load/vec4 v0000025dfefbfaf0_0;
    %assign/vec4 v0000025dfefbfb90_0, 0;
    %load/vec4 v0000025dfefbfb90_0;
    %flag_set/vec4 8;
    %jmp/0xz  T_8.12, 8;
    %ix/load 4, 0, 0;
    %flag_set/imm 4, 0;
    %load/vec4a v0000025dfefc2aa0, 4;
    %ix/load 4, 1, 0;
    %flag_set/imm 4, 0;
    %load/vec4a v0000025dfefc2aa0, 4;
    %add;
    %ix/load 3, 0, 0;
    %flag_set/imm 4, 0;
    %ix/load 4, 0, 0; Constant delay
    %assign/vec4/a/d v0000025dfefc2d20, 0, 4;
    %ix/load 4, 2, 0;
    %flag_set/imm 4, 0;
    %load/vec4a v0000025dfefc2aa0, 4;
    %ix/load 4, 3, 0;
    %flag_set/imm 4, 0;
    %load/vec4a v0000025dfefc2aa0, 4;
    %add;
    %ix/load 3, 1, 0;
    %flag_set/imm 4, 0;
    %ix/load 4, 0, 0; Constant delay
    %assign/vec4/a/d v0000025dfefc2d20, 0, 4;
T_8.12 ;
    %load/vec4 v0000025dfefbfb90_0;
    %assign/vec4 v0000025dfefbfd70_0, 0;
    %load/vec4 v0000025dfefbfd70_0;
    %flag_set/vec4 8;
    %jmp/0xz  T_8.14, 8;
    %ix/load 4, 0, 0;
    %flag_set/imm 4, 0;
    %load/vec4a v0000025dfefc2d20, 4;
    %ix/load 4, 1, 0;
    %flag_set/imm 4, 0;
    %load/vec4a v0000025dfefc2d20, 4;
    %add;
    %load/vec4 v0000025dfefc1490_0;
    %pad/s 32;
    %ix/load 4, 8, 0;
    %flag_set/imm 4, 0;
    %shiftl 4;
    %add;
    %assign/vec4 v0000025dfefc2be0_0, 0;
T_8.14 ;
    %load/vec4 v0000025dfefbfd70_0;
    %assign/vec4 v0000025dfefc0ef0_0, 0;
    %load/vec4 v0000025dfefc0ef0_0;
    %flag_set/vec4 8;
    %jmp/0xz  T_8.16, 8;
    %load/vec4 v0000025dfefc2be0_0;
    %parti/s 16, 8, 5;
    %assign/vec4 v0000025dfefc0310_0, 0;
    %pushi/vec4 1, 0, 1;
    %assign/vec4 v0000025dfefbfc30_0, 0;
    %jmp T_8.17;
T_8.16 ;
    %pushi/vec4 0, 0, 1;
    %assign/vec4 v0000025dfefbfc30_0, 0;
T_8.17 ;
T_8.1 ;
    %jmp T_8;
    .thread T_8;
    .scope S_0000025dfef67dd0;
T_9 ;
    %wait E_0000025dfef21210;
    %load/vec4 v0000025dfefc2e60_0;
    %cmpi/s 65024, 0, 16;
    %flag_inv 5; GE is !LT
    %jmp/0xz  T_9.0, 5;
    %pushi/vec4 64512, 0, 16;
    %store/vec4 v0000025dfefc28c0_0, 0, 16;
    %jmp T_9.1;
T_9.0 ;
    %load/vec4 v0000025dfefc2e60_0;
    %cmpi/s 512, 0, 16;
    %flag_or 5, 4;
    %jmp/0xz  T_9.2, 5;
    %pushi/vec4 1024, 0, 16;
    %store/vec4 v0000025dfefc28c0_0, 0, 16;
    %jmp T_9.3;
T_9.2 ;
    %load/vec4 v0000025dfefc2e60_0;
    %ix/load 4, 1, 0;
    %flag_set/imm 4, 0;
    %shiftr/s 4;
    %store/vec4 v0000025dfefc28c0_0, 0, 16;
T_9.3 ;
T_9.1 ;
    %jmp T_9;
    .thread T_9, $push;
    .scope S_0000025dfefe03c0;
T_10 ;
    %wait E_0000025dfef21a10;
    %load/vec4 v0000025dfefe2140_0;
    %flag_set/vec4 8;
    %jmp/0xz  T_10.0, 8;
    %pushi/vec4 0, 0, 7;
    %assign/vec4 v0000025dfefde540_0, 0;
    %pushi/vec4 0, 0, 1;
    %assign/vec4 v0000025dfefde680_0, 0;
    %jmp T_10.1;
T_10.0 ;
    %load/vec4 v0000025dfefde720_0;
    %flag_set/vec4 8;
    %jmp/0xz  T_10.2, 8;
    %load/vec4 v0000025dfefde540_0;
    %pad/u 32;
    %cmpi/u 64, 0, 32;
    %jmp/0xz  T_10.4, 5;
    %load/vec4 v0000025dfefde5e0_0;
    %load/vec4 v0000025dfefde540_0;
    %pad/u 8;
    %ix/vec4 3;
    %ix/load 4, 0, 0; Constant delay
    %assign/vec4/a/d v0000025dfefe1ce0, 0, 4;
    %load/vec4 v0000025dfefde540_0;
    %addi 1, 0, 7;
    %assign/vec4 v0000025dfefde540_0, 0;
    %pushi/vec4 0, 0, 1;
    %assign/vec4 v0000025dfefde680_0, 0;
    %jmp T_10.5;
T_10.4 ;
    %pushi/vec4 1, 0, 1;
    %assign/vec4 v0000025dfefde680_0, 0;
T_10.5 ;
T_10.2 ;
T_10.1 ;
    %jmp T_10;
    .thread T_10;
    .scope S_0000025dfefe03c0;
T_11 ;
    %wait E_0000025dfef21750;
    %load/vec4 v0000025dfefe1ec0_0;
    %pad/u 8;
    %ix/vec4 4;
    %load/vec4a v0000025dfefe1ce0, 4;
    %store/vec4 v0000025dfefdeae0_0, 0, 16;
    %jmp T_11;
    .thread T_11, $push;
    .scope S_0000025dfee62eb0;
T_12 ;
    %vpi_call 10 31 "$readmemh", "d:/WILLGAN/hardware/layers/mem/epoch300_G_l1_W.mem", v0000025dfefc2460 {0 0 0};
    %vpi_call 10 32 "$readmemh", "d:/WILLGAN/hardware/layers/mem/epoch300_G_l1_B.mem", v0000025dfefc25a0 {0 0 0};
    %end;
    .thread T_12;
    .scope S_0000025dfee62eb0;
T_13 ;
    %wait E_0000025dfef21a10;
    %load/vec4 v0000025dfefc3180_0;
    %flag_set/vec4 8;
    %jmp/0xz  T_13.0, 8;
    %pushi/vec4 0, 0, 9;
    %assign/vec4 v0000025dfefc2140_0, 0;
    %pushi/vec4 0, 0, 7;
    %assign/vec4 v0000025dfefc3720_0, 0;
    %pushi/vec4 0, 0, 1;
    %assign/vec4 v0000025dfefc2fa0_0, 0;
    %pushi/vec4 0, 0, 1;
    %assign/vec4 v0000025dfefc2820_0, 0;
    %pushi/vec4 0, 0, 48;
    %assign/vec4 v0000025dfefc2f00_0, 0;
    %pushi/vec4 0, 0, 4096;
    %assign/vec4 v0000025dfefc3360_0, 0;
    %jmp T_13.1;
T_13.0 ;
    %load/vec4 v0000025dfefc3040_0;
    %flag_set/vec4 9;
    %flag_get/vec4 9;
    %jmp/0 T_13.4, 9;
    %load/vec4 v0000025dfefc2fa0_0;
    %nor/r;
    %and;
T_13.4;
    %flag_set/vec4 8;
    %jmp/0xz  T_13.2, 8;
    %pushi/vec4 1, 0, 1;
    %assign/vec4 v0000025dfefc2fa0_0, 0;
    %pushi/vec4 0, 0, 1;
    %assign/vec4 v0000025dfefc2820_0, 0;
    %pushi/vec4 0, 0, 9;
    %assign/vec4 v0000025dfefc2140_0, 0;
    %pushi/vec4 0, 0, 7;
    %assign/vec4 v0000025dfefc3720_0, 0;
    %ix/load 4, 0, 0;
    %flag_set/imm 4, 0;
    %load/vec4a v0000025dfefc25a0, 4;
    %assign/vec4 v0000025dfefc1a60_0, 0;
    %ix/load 4, 0, 0;
    %flag_set/imm 4, 0;
    %load/vec4a v0000025dfefc25a0, 4;
    %parti/s 1, 15, 5;
    %replicate 10;
    %ix/load 4, 0, 0;
    %flag_set/imm 4, 0;
    %load/vec4a v0000025dfefc25a0, 4;
    %concat/vec4; draw_concat_vec4
    %concati/vec4 0, 0, 22;
    %assign/vec4 v0000025dfefc2f00_0, 0;
    %jmp T_13.3;
T_13.2 ;
    %load/vec4 v0000025dfefc2fa0_0;
    %flag_set/vec4 8;
    %jmp/0xz  T_13.5, 8;
    %load/vec4 v0000025dfefc3720_0;
    %pad/u 32;
    %cmpi/u 64, 0, 32;
    %jmp/0xz  T_13.7, 5;
    %load/vec4 v0000025dfefc1ec0_0;
    %pushi/vec4 63, 0, 32;
    %load/vec4 v0000025dfefc3720_0;
    %pad/u 32;
    %sub;
    %muli 16, 0, 32;
    %part/u 16;
    %assign/vec4 v0000025dfefc1d80_0, 0;
    %load/vec4 v0000025dfefc2140_0;
    %pad/u 32;
    %muli 64, 0, 32;
    %load/vec4 v0000025dfefc3720_0;
    %pad/u 32;
    %add;
    %ix/vec4 4;
    %load/vec4a v0000025dfefc2460, 4;
    %assign/vec4 v0000025dfefc3680_0, 0;
    %load/vec4 v0000025dfefc3720_0;
    %pad/u 32;
    %cmpi/u 0, 0, 32;
    %flag_or 5, 4; GT is !LE
    %flag_inv 5;
    %jmp/0xz  T_13.9, 5;
    %load/vec4 v0000025dfefc2f00_0;
    %load/vec4 v0000025dfefc1880_0;
    %parti/s 1, 31, 6;
    %replicate 16;
    %load/vec4 v0000025dfefc1880_0;
    %concat/vec4; draw_concat_vec4
    %add;
    %assign/vec4 v0000025dfefc2f00_0, 0;
T_13.9 ;
    %load/vec4 v0000025dfefc3720_0;
    %addi 1, 0, 7;
    %assign/vec4 v0000025dfefc3720_0, 0;
    %jmp T_13.8;
T_13.7 ;
    %load/vec4 v0000025dfefc2f00_0;
    %load/vec4 v0000025dfefc1880_0;
    %parti/s 1, 31, 6;
    %replicate 16;
    %load/vec4 v0000025dfefc1880_0;
    %concat/vec4; draw_concat_vec4
    %add;
    %assign/vec4 v0000025dfefc2f00_0, 0;
    %load/vec4 v0000025dfefc2f00_0;
    %parti/s 1, 47, 7;
    %load/vec4 v0000025dfefc2f00_0;
    %parti/s 15, 22, 6;
    %concat/vec4; draw_concat_vec4
    %ix/load 5, 0, 0;
    %pushi/vec4 255, 0, 32;
    %load/vec4 v0000025dfefc2140_0;
    %pad/u 32;
    %sub;
    %muli 16, 0, 32;
    %ix/vec4 4;
    %assign/vec4/off/d v0000025dfefc3360_0, 4, 5;
    %load/vec4 v0000025dfefc2140_0;
    %pad/u 32;
    %cmpi/u 255, 0, 32;
    %jmp/0xz  T_13.11, 5;
    %load/vec4 v0000025dfefc2140_0;
    %addi 1, 0, 9;
    %assign/vec4 v0000025dfefc2140_0, 0;
    %pushi/vec4 0, 0, 7;
    %assign/vec4 v0000025dfefc3720_0, 0;
    %load/vec4 v0000025dfefc2140_0;
    %addi 1, 0, 9;
    %pad/u 10;
    %ix/vec4 4;
    %load/vec4a v0000025dfefc25a0, 4;
    %assign/vec4 v0000025dfefc1a60_0, 0;
    %load/vec4 v0000025dfefc2140_0;
    %addi 1, 0, 9;
    %pad/u 10;
    %ix/vec4 4;
    %load/vec4a v0000025dfefc25a0, 4;
    %parti/s 1, 15, 5;
    %replicate 10;
    %load/vec4 v0000025dfefc2140_0;
    %addi 1, 0, 9;
    %pad/u 10;
    %ix/vec4 4;
    %load/vec4a v0000025dfefc25a0, 4;
    %concat/vec4; draw_concat_vec4
    %concati/vec4 0, 0, 22;
    %assign/vec4 v0000025dfefc2f00_0, 0;
    %jmp T_13.12;
T_13.11 ;
    %pushi/vec4 0, 0, 1;
    %assign/vec4 v0000025dfefc2fa0_0, 0;
    %pushi/vec4 1, 0, 1;
    %assign/vec4 v0000025dfefc2820_0, 0;
T_13.12 ;
T_13.8 ;
    %jmp T_13.6;
T_13.5 ;
    %load/vec4 v0000025dfefc2820_0;
    %flag_set/vec4 8;
    %jmp/0xz  T_13.13, 8;
    %pushi/vec4 0, 0, 1;
    %assign/vec4 v0000025dfefc2820_0, 0;
T_13.13 ;
T_13.6 ;
T_13.3 ;
T_13.1 ;
    %jmp T_13;
    .thread T_13;
    .scope S_0000025dfee2e200;
T_14 ;
    %vpi_call 11 23 "$readmemh", "d:/WILLGAN/hardware/layers/mem/epoch300_G_l2_W.mem", v0000025dfefdddc0 {0 0 0};
    %vpi_call 11 24 "$readmemh", "d:/WILLGAN/hardware/layers/mem/epoch300_G_l2_B.mem", v0000025dfefdf4e0 {0 0 0};
    %end;
    .thread T_14;
    .scope S_0000025dfee2e200;
T_15 ;
    %wait E_0000025dfef21a10;
    %load/vec4 v0000025dfefdf3a0_0;
    %flag_set/vec4 8;
    %jmp/0xz  T_15.0, 8;
    %pushi/vec4 0, 0, 9;
    %assign/vec4 v0000025dfefdde60_0, 0;
    %pushi/vec4 0, 0, 9;
    %assign/vec4 v0000025dfefdeea0_0, 0;
    %pushi/vec4 0, 0, 1;
    %assign/vec4 v0000025dfefde220_0, 0;
    %pushi/vec4 0, 0, 1;
    %assign/vec4 v0000025dfefdf620_0, 0;
    %pushi/vec4 0, 0, 48;
    %assign/vec4 v0000025dfefdf260_0, 0;
    %pushi/vec4 0, 0, 4096;
    %assign/vec4 v0000025dfefdee00_0, 0;
    %pushi/vec4 0, 0, 9;
    %assign/vec4 v0000025dfefdeb80_0, 0;
    %pushi/vec4 0, 0, 1;
    %assign/vec4 v0000025dfefdf440_0, 0;
    %pushi/vec4 0, 0, 16;
    %assign/vec4 v0000025dfefdf1c0_0, 0;
    %jmp T_15.1;
T_15.0 ;
    %load/vec4 v0000025dfefdf440_0;
    %flag_set/vec4 8;
    %jmp/0xz  T_15.2, 8;
    %load/vec4 v0000025dfefdf300_0;
    %ix/load 5, 0, 0;
    %pushi/vec4 255, 0, 32;
    %load/vec4 v0000025dfefdeb80_0;
    %pad/u 32;
    %sub;
    %muli 16, 0, 32;
    %ix/vec4 4;
    %assign/vec4/off/d v0000025dfefdee00_0, 4, 5;
    %pushi/vec4 0, 0, 1;
    %assign/vec4 v0000025dfefdf440_0, 0;
T_15.2 ;
    %load/vec4 v0000025dfefde860_0;
    %flag_set/vec4 9;
    %flag_get/vec4 9;
    %jmp/0 T_15.6, 9;
    %load/vec4 v0000025dfefde220_0;
    %nor/r;
    %and;
T_15.6;
    %flag_set/vec4 8;
    %jmp/0xz  T_15.4, 8;
    %pushi/vec4 1, 0, 1;
    %assign/vec4 v0000025dfefde220_0, 0;
    %pushi/vec4 0, 0, 1;
    %assign/vec4 v0000025dfefdf620_0, 0;
    %pushi/vec4 0, 0, 9;
    %assign/vec4 v0000025dfefdde60_0, 0;
    %pushi/vec4 0, 0, 9;
    %assign/vec4 v0000025dfefdeea0_0, 0;
    %ix/load 4, 0, 0;
    %flag_set/imm 4, 0;
    %load/vec4a v0000025dfefdf4e0, 4;
    %parti/s 1, 15, 5;
    %replicate 32;
    %ix/load 4, 0, 0;
    %flag_set/imm 4, 0;
    %load/vec4a v0000025dfefdf4e0, 4;
    %concat/vec4; draw_concat_vec4
    %assign/vec4 v0000025dfefdf260_0, 0;
    %jmp T_15.5;
T_15.4 ;
    %load/vec4 v0000025dfefde220_0;
    %flag_set/vec4 8;
    %jmp/0xz  T_15.7, 8;
    %load/vec4 v0000025dfefdeea0_0;
    %pad/u 32;
    %cmpi/u 256, 0, 32;
    %jmp/0xz  T_15.9, 5;
    %load/vec4 v0000025dfefdf260_0;
    %load/vec4 v0000025dfefde7c0_0;
    %pad/s 48;
    %ix/load 4, 10, 0;
    %flag_set/imm 4, 0;
    %shiftr/s 4;
    %add;
    %assign/vec4 v0000025dfefdf260_0, 0;
    %load/vec4 v0000025dfefdeea0_0;
    %addi 1, 0, 9;
    %assign/vec4 v0000025dfefdeea0_0, 0;
    %jmp T_15.10;
T_15.9 ;
    %load/vec4 v0000025dfefdf260_0;
    %store/vec4 v0000025dfefc32c0_0, 0, 48;
    %load/vec4 v0000025dfefc32c0_0;
    %cmpi/s 32767, 0, 48;
    %flag_or 5, 4; GT is !LE
    %flag_inv 5;
    %jmp/0xz  T_15.11, 5;
    %pushi/vec4 32767, 0, 16;
    %assign/vec4 v0000025dfefdf1c0_0, 0;
    %jmp T_15.12;
T_15.11 ;
    %load/vec4 v0000025dfefc32c0_0;
    %pushi/vec4 4294967295, 0, 32;
    %concati/vec4 32768, 0, 16;
    %cmp/s;
    %jmp/0xz  T_15.13, 5;
    %pushi/vec4 32768, 0, 16;
    %assign/vec4 v0000025dfefdf1c0_0, 0;
    %jmp T_15.14;
T_15.13 ;
    %load/vec4 v0000025dfefc32c0_0;
    %parti/s 16, 0, 2;
    %assign/vec4 v0000025dfefdf1c0_0, 0;
T_15.14 ;
T_15.12 ;
    %load/vec4 v0000025dfefdde60_0;
    %assign/vec4 v0000025dfefdeb80_0, 0;
    %pushi/vec4 1, 0, 1;
    %assign/vec4 v0000025dfefdf440_0, 0;
    %load/vec4 v0000025dfefdde60_0;
    %pad/u 32;
    %cmpi/u 255, 0, 32;
    %jmp/0xz  T_15.15, 5;
    %load/vec4 v0000025dfefdde60_0;
    %addi 1, 0, 9;
    %assign/vec4 v0000025dfefdde60_0, 0;
    %pushi/vec4 0, 0, 9;
    %assign/vec4 v0000025dfefdeea0_0, 0;
    %load/vec4 v0000025dfefdde60_0;
    %pad/u 32;
    %addi 1, 0, 32;
    %ix/vec4 4;
    %load/vec4a v0000025dfefdf4e0, 4;
    %parti/s 1, 15, 5;
    %replicate 32;
    %load/vec4 v0000025dfefdde60_0;
    %pad/u 32;
    %addi 1, 0, 32;
    %ix/vec4 4;
    %load/vec4a v0000025dfefdf4e0, 4;
    %concat/vec4; draw_concat_vec4
    %assign/vec4 v0000025dfefdf260_0, 0;
    %jmp T_15.16;
T_15.15 ;
    %pushi/vec4 0, 0, 1;
    %assign/vec4 v0000025dfefde220_0, 0;
    %pushi/vec4 1, 0, 1;
    %assign/vec4 v0000025dfefdf620_0, 0;
T_15.16 ;
T_15.10 ;
    %jmp T_15.8;
T_15.7 ;
    %load/vec4 v0000025dfefdf620_0;
    %flag_set/vec4 8;
    %jmp/0xz  T_15.17, 8;
    %pushi/vec4 0, 0, 1;
    %assign/vec4 v0000025dfefdf620_0, 0;
T_15.17 ;
T_15.8 ;
T_15.5 ;
T_15.1 ;
    %jmp T_15;
    .thread T_15;
    .scope S_0000025dfefdfa60;
T_16 ;
    %vpi_call 12 31 "$readmemh", "d:/WILLGAN/hardware/layers/mem/epoch300_G_l3_W.mem", v0000025dfefde180 {0 0 0};
    %vpi_call 12 32 "$readmemh", "d:/WILLGAN/hardware/layers/mem/epoch300_G_l3_B.mem", v0000025dfefde2c0 {0 0 0};
    %end;
    .thread T_16;
    .scope S_0000025dfefdfa60;
T_17 ;
    %wait E_0000025dfef21a10;
    %load/vec4 v0000025dfefddfa0_0;
    %flag_set/vec4 8;
    %jmp/0xz  T_17.0, 8;
    %pushi/vec4 0, 0, 10;
    %assign/vec4 v0000025dfefdd960_0, 0;
    %pushi/vec4 0, 0, 9;
    %assign/vec4 v0000025dfefdf760_0, 0;
    %pushi/vec4 0, 0, 1;
    %assign/vec4 v0000025dfefdf580_0, 0;
    %pushi/vec4 0, 0, 1;
    %assign/vec4 v0000025dfefdf080_0, 0;
    %pushi/vec4 0, 0, 48;
    %assign/vec4 v0000025dfefdefe0_0, 0;
    %pushi/vec4 0, 0, 12544;
    %assign/vec4 v0000025dfefdf120_0, 0;
    %pushi/vec4 0, 0, 16;
    %assign/vec4 v0000025dfefdecc0_0, 0;
    %pushi/vec4 0, 0, 10;
    %assign/vec4 v0000025dfefdda00_0, 0;
    %pushi/vec4 0, 0, 1;
    %assign/vec4 v0000025dfefde400_0, 0;
    %pushi/vec4 0, 0, 1;
    %assign/vec4 v0000025dfefde0e0_0, 0;
    %pushi/vec4 0, 0, 1;
    %assign/vec4 v0000025dfefddbe0_0, 0;
    %jmp T_17.1;
T_17.0 ;
    %load/vec4 v0000025dfefdea40_0;
    %flag_set/vec4 9;
    %flag_get/vec4 9;
    %jmp/0 T_17.4, 9;
    %load/vec4 v0000025dfefdf580_0;
    %nor/r;
    %and;
T_17.4;
    %flag_set/vec4 8;
    %jmp/0xz  T_17.2, 8;
    %pushi/vec4 1, 0, 1;
    %assign/vec4 v0000025dfefdf580_0, 0;
    %pushi/vec4 0, 0, 1;
    %assign/vec4 v0000025dfefdf080_0, 0;
    %pushi/vec4 0, 0, 10;
    %assign/vec4 v0000025dfefdd960_0, 0;
    %pushi/vec4 0, 0, 9;
    %assign/vec4 v0000025dfefdf760_0, 0;
    %ix/load 4, 0, 0;
    %flag_set/imm 4, 0;
    %load/vec4a v0000025dfefde2c0, 4;
    %assign/vec4 v0000025dfefde9a0_0, 0;
    %ix/load 4, 0, 0;
    %flag_set/imm 4, 0;
    %load/vec4a v0000025dfefde2c0, 4;
    %parti/s 1, 15, 5;
    %replicate 32;
    %ix/load 4, 0, 0;
    %flag_set/imm 4, 0;
    %load/vec4a v0000025dfefde2c0, 4;
    %concat/vec4; draw_concat_vec4
    %assign/vec4 v0000025dfefdefe0_0, 0;
    %jmp T_17.3;
T_17.2 ;
    %load/vec4 v0000025dfefdf580_0;
    %flag_set/vec4 8;
    %jmp/0xz  T_17.5, 8;
    %load/vec4 v0000025dfefdf760_0;
    %pad/u 32;
    %cmpi/u 256, 0, 32;
    %jmp/0xz  T_17.7, 5;
    %load/vec4 v0000025dfefde4a0_0;
    %pushi/vec4 255, 0, 32;
    %load/vec4 v0000025dfefdf760_0;
    %pad/u 32;
    %sub;
    %muli 16, 0, 32;
    %part/u 16;
    %assign/vec4 v0000025dfefde360_0, 0;
    %load/vec4 v0000025dfefdd960_0;
    %pad/u 32;
    %muli 256, 0, 32;
    %load/vec4 v0000025dfefdf760_0;
    %pad/u 32;
    %add;
    %ix/vec4 4;
    %load/vec4a v0000025dfefde180, 4;
    %assign/vec4 v0000025dfefdf6c0_0, 0;
    %load/vec4 v0000025dfefdefe0_0;
    %load/vec4 v0000025dfefddf00_0;
    %pad/s 48;
    %ix/load 4, 10, 0;
    %flag_set/imm 4, 0;
    %shiftr/s 4;
    %add;
    %assign/vec4 v0000025dfefdefe0_0, 0;
    %load/vec4 v0000025dfefdf760_0;
    %addi 1, 0, 9;
    %assign/vec4 v0000025dfefdf760_0, 0;
    %jmp T_17.8;
T_17.7 ;
    %load/vec4 v0000025dfefdefe0_0;
    %cmpi/s 32767, 0, 48;
    %flag_or 5, 4; GT is !LE
    %flag_inv 5;
    %jmp/0xz  T_17.9, 5;
    %pushi/vec4 32767, 0, 16;
    %assign/vec4 v0000025dfefdecc0_0, 0;
    %jmp T_17.10;
T_17.9 ;
    %load/vec4 v0000025dfefdefe0_0;
    %pushi/vec4 4294967295, 0, 32;
    %concati/vec4 32768, 0, 16;
    %cmp/s;
    %jmp/0xz  T_17.11, 5;
    %pushi/vec4 32768, 0, 16;
    %assign/vec4 v0000025dfefdecc0_0, 0;
    %jmp T_17.12;
T_17.11 ;
    %load/vec4 v0000025dfefdefe0_0;
    %parti/s 16, 0, 2;
    %assign/vec4 v0000025dfefdecc0_0, 0;
T_17.12 ;
T_17.10 ;
    %load/vec4 v0000025dfefdd960_0;
    %assign/vec4 v0000025dfefdda00_0, 0;
    %load/vec4 v0000025dfefddbe0_0;
    %assign/vec4 v0000025dfefde400_0, 0;
    %pushi/vec4 1, 0, 1;
    %assign/vec4 v0000025dfefddbe0_0, 0;
    %load/vec4 v0000025dfefdd960_0;
    %pad/u 32;
    %cmpi/u 783, 0, 32;
    %jmp/0xz  T_17.13, 5;
    %load/vec4 v0000025dfefdd960_0;
    %addi 1, 0, 10;
    %assign/vec4 v0000025dfefdd960_0, 0;
    %pushi/vec4 0, 0, 9;
    %assign/vec4 v0000025dfefdf760_0, 0;
    %load/vec4 v0000025dfefdd960_0;
    %addi 1, 0, 10;
    %pad/u 11;
    %ix/vec4 4;
    %load/vec4a v0000025dfefde2c0, 4;
    %assign/vec4 v0000025dfefde9a0_0, 0;
    %load/vec4 v0000025dfefdd960_0;
    %addi 1, 0, 10;
    %pad/u 11;
    %ix/vec4 4;
    %load/vec4a v0000025dfefde2c0, 4;
    %parti/s 1, 15, 5;
    %replicate 32;
    %load/vec4 v0000025dfefdd960_0;
    %addi 1, 0, 10;
    %pad/u 11;
    %ix/vec4 4;
    %load/vec4a v0000025dfefde2c0, 4;
    %concat/vec4; draw_concat_vec4
    %assign/vec4 v0000025dfefdefe0_0, 0;
    %jmp T_17.14;
T_17.13 ;
    %pushi/vec4 0, 0, 1;
    %assign/vec4 v0000025dfefdf580_0, 0;
    %pushi/vec4 1, 0, 1;
    %assign/vec4 v0000025dfefdf080_0, 0;
T_17.14 ;
T_17.8 ;
    %jmp T_17.6;
T_17.5 ;
    %load/vec4 v0000025dfefdf080_0;
    %flag_set/vec4 8;
    %jmp/0xz  T_17.15, 8;
    %pushi/vec4 0, 0, 1;
    %assign/vec4 v0000025dfefdf080_0, 0;
T_17.15 ;
T_17.6 ;
T_17.3 ;
    %load/vec4 v0000025dfefde400_0;
    %flag_set/vec4 8;
    %jmp/0xz  T_17.17, 8;
    %load/vec4 v0000025dfefdecc0_0;
    %ix/load 5, 0, 0;
    %pushi/vec4 783, 0, 32;
    %load/vec4 v0000025dfefdda00_0;
    %pad/u 32;
    %sub;
    %muli 16, 0, 32;
    %ix/vec4 4;
    %assign/vec4/off/d v0000025dfefdf120_0, 4, 5;
    %load/vec4 v0000025dfefdda00_0;
    %pad/u 32;
    %cmpi/e 0, 0, 32;
    %jmp/0xz  T_17.19, 4;
    %vpi_call 12 121 "$display", "DEBUG: neuron0 out=%0d", v0000025dfefdecc0_0 {0 0 0};
T_17.19 ;
    %pushi/vec4 0, 0, 1;
    %assign/vec4 v0000025dfefde400_0, 0;
T_17.17 ;
    %load/vec4 v0000025dfefdf080_0;
    %flag_set/vec4 10;
    %flag_get/vec4 10;
    %jmp/0 T_17.24, 10;
    %load/vec4 v0000025dfefde0e0_0;
    %nor/r;
    %and;
T_17.24;
    %flag_set/vec4 9;
    %flag_get/vec4 9;
    %jmp/0 T_17.23, 9;
    %load/vec4 v0000025dfefddbe0_0;
    %and;
T_17.23;
    %flag_set/vec4 8;
    %jmp/0xz  T_17.21, 8;
    %vpi_func 12 127 "$fopen" 32, "D:/WILLGAN/hardware/layers/output.mem", "w" {0 0 0};
    %store/vec4 v0000025dfefdd8c0_0, 0, 32;
    %load/vec4 v0000025dfefdd8c0_0;
    %cmpi/e 0, 0, 32;
    %jmp/0xz  T_17.25, 4;
    %vpi_call 12 129 "$display", "ERROR: Could not open output.mem for writing!" {0 0 0};
    %jmp T_17.26;
T_17.25 ;
    %fork t_1, S_0000025dfefdfbf0;
    %jmp t_0;
    .scope S_0000025dfefdfbf0;
t_1 ;
    %pushi/vec4 0, 0, 32;
    %store/vec4 v0000025dfefddb40_0, 0, 32;
T_17.27 ;
    %load/vec4 v0000025dfefddb40_0;
    %cmpi/s 784, 0, 32;
    %jmp/0xz T_17.28, 5;
    %load/vec4 v0000025dfefdf120_0;
    %pushi/vec4 783, 0, 32;
    %load/vec4 v0000025dfefddb40_0;
    %sub;
    %muli 16, 0, 32;
    %part/s 16;
    %vpi_call 12 132 "$fdisplay", v0000025dfefdd8c0_0, "%h", S<0,vec4,u16> {1 0 0};
    %load/vec4 v0000025dfefddb40_0;
    %addi 1, 0, 32;
    %store/vec4 v0000025dfefddb40_0, 0, 32;
    %jmp T_17.27;
T_17.28 ;
    %end;
    .scope S_0000025dfefdfa60;
t_0 %join;
    %vpi_call 12 134 "$fclose", v0000025dfefdd8c0_0 {0 0 0};
    %vpi_call 12 135 "$display", "Layer3 output written to output.mem" {0 0 0};
T_17.26 ;
    %pushi/vec4 1, 0, 1;
    %assign/vec4 v0000025dfefde0e0_0, 0;
T_17.21 ;
T_17.1 ;
    %jmp T_17;
    .thread T_17;
    .scope S_0000025dfefe0230;
T_18 ;
    %wait E_0000025dfef21a10;
    %load/vec4 v0000025dfefe1f60_0;
    %flag_set/vec4 8;
    %jmp/0xz  T_18.0, 8;
    %load/vec4 v0000025dfefe25a0_0;
    %load/vec4 v0000025dfefe1e20_0;
    %pad/u 11;
    %ix/vec4 3;
    %ix/load 4, 0, 0; Constant delay
    %assign/vec4/a/d v0000025dfefe21e0, 0, 4;
T_18.0 ;
    %jmp T_18;
    .thread T_18;
    .scope S_0000025dfefe0230;
T_19 ;
    %wait E_0000025dfef21a10;
    %load/vec4 v0000025dfefe1d80_0;
    %flag_set/vec4 8;
    %jmp/0xz  T_19.0, 8;
    %pushi/vec4 0, 0, 11;
    %assign/vec4 v0000025dfefe0ca0_0, 0;
    %pushi/vec4 0, 0, 16;
    %assign/vec4 v0000025dfefe0c00_0, 0;
    %pushi/vec4 0, 0, 1;
    %assign/vec4 v0000025dfefe0980_0, 0;
    %jmp T_19.1;
T_19.0 ;
    %load/vec4 v0000025dfefe26e0_0;
    %flag_set/vec4 8;
    %jmp/0xz  T_19.2, 8;
    %load/vec4 v0000025dfefe0ca0_0;
    %pad/u 32;
    %cmpi/u 784, 0, 32;
    %jmp/0xz  T_19.4, 5;
    %ix/getv 4, v0000025dfefe0ca0_0;
    %load/vec4a v0000025dfefe21e0, 4;
    %assign/vec4 v0000025dfefe0c00_0, 0;
    %load/vec4 v0000025dfefe0ca0_0;
    %addi 1, 0, 11;
    %assign/vec4 v0000025dfefe0ca0_0, 0;
    %pushi/vec4 0, 0, 1;
    %assign/vec4 v0000025dfefe0980_0, 0;
    %jmp T_19.5;
T_19.4 ;
    %pushi/vec4 1, 0, 1;
    %assign/vec4 v0000025dfefe0980_0, 0;
T_19.5 ;
T_19.2 ;
T_19.1 ;
    %jmp T_19;
    .thread T_19;
    .scope S_0000025dfee62d20;
T_20 ;
    %wait E_0000025dfef21990;
    %load/vec4 v0000025dfefe2640_0;
    %nor/r;
    %flag_set/vec4 8;
    %jmp/0xz  T_20.0, 8;
    %pushi/vec4 0, 0, 3;
    %assign/vec4 v0000025dfefe17e0_0, 0;
    %pushi/vec4 0, 0, 7;
    %assign/vec4 v0000025dfefe1060_0, 0;
    %pushi/vec4 0, 0, 10;
    %assign/vec4 v0000025dfefe2500_0, 0;
    %jmp T_20.1;
T_20.0 ;
    %load/vec4 v0000025dfefe19c0_0;
    %flag_set/vec4 9;
    %flag_get/vec4 9;
    %jmp/0 T_20.4, 9;
    %load/vec4 v0000025dfefe1060_0;
    %pad/u 32;
    %cmpi/u 64, 0, 32;
    %flag_get/vec4 5;
    %and;
T_20.4;
    %flag_set/vec4 8;
    %jmp/0xz  T_20.2, 8;
    %load/vec4 v0000025dfefe1060_0;
    %addi 1, 0, 7;
    %assign/vec4 v0000025dfefe1060_0, 0;
T_20.2 ;
    %load/vec4 v0000025dfefe14c0_0;
    %flag_set/vec4 9;
    %flag_get/vec4 9;
    %jmp/0 T_20.7, 9;
    %load/vec4 v0000025dfefe2500_0;
    %pad/u 32;
    %cmpi/u 784, 0, 32;
    %flag_get/vec4 5;
    %and;
T_20.7;
    %flag_set/vec4 8;
    %jmp/0xz  T_20.5, 8;
    %load/vec4 v0000025dfefe2500_0;
    %addi 1, 0, 10;
    %assign/vec4 v0000025dfefe2500_0, 0;
T_20.5 ;
    %load/vec4 v0000025dfefe19c0_0;
    %flag_set/vec4 8;
    %jmp/0xz  T_20.8, 8;
    %pushi/vec4 1, 0, 3;
    %assign/vec4 v0000025dfefe17e0_0, 0;
    %jmp T_20.9;
T_20.8 ;
    %load/vec4 v0000025dfefe1060_0;
    %pad/u 32;
    %cmpi/e 64, 0, 32;
    %jmp/0xz  T_20.10, 4;
    %pushi/vec4 2, 0, 3;
    %assign/vec4 v0000025dfefe17e0_0, 0;
    %jmp T_20.11;
T_20.10 ;
    %load/vec4 v0000025dfefe2500_0;
    %pad/u 32;
    %cmpi/e 784, 0, 32;
    %jmp/0xz  T_20.12, 4;
    %pushi/vec4 3, 0, 3;
    %assign/vec4 v0000025dfefe17e0_0, 0;
T_20.12 ;
T_20.11 ;
T_20.9 ;
T_20.1 ;
    %jmp T_20;
    .thread T_20;
    .scope S_0000025dfef665f0;
T_21 ;
    %pushi/vec4 0, 0, 1;
    %store/vec4 v0000025dfefe08e0_0, 0, 1;
    %end;
    .thread T_21;
    .scope S_0000025dfef665f0;
T_22 ;
    %delay 5000, 0;
    %load/vec4 v0000025dfefe08e0_0;
    %inv;
    %store/vec4 v0000025dfefe08e0_0, 0, 1;
    %jmp T_22;
    .thread T_22;
    .scope S_0000025dfef665f0;
T_23 ;
    %vpi_call 8 43 "$display", "[INFO] Reset asserted" {0 0 0};
    %pushi/vec4 0, 0, 1;
    %store/vec4 v0000025dfefe2d50_0, 0, 1;
    %pushi/vec4 0, 0, 1;
    %store/vec4 v0000025dfefe4290_0, 0, 1;
    %pushi/vec4 0, 0, 16;
    %store/vec4 v0000025dfefe0a20_0, 0, 16;
    %delay 20000, 0;
    %pushi/vec4 1, 0, 1;
    %store/vec4 v0000025dfefe2d50_0, 0, 1;
    %vpi_call 8 49 "$display", "[INFO] Reset deasserted" {0 0 0};
    %delay 20000, 0;
    %vpi_call 8 51 "$display", "[INFO] Start pulse" {0 0 0};
    %pushi/vec4 1, 0, 1;
    %store/vec4 v0000025dfefe4290_0, 0, 1;
    %delay 10000, 0;
    %pushi/vec4 0, 0, 1;
    %store/vec4 v0000025dfefe4290_0, 0, 1;
    %vpi_call 8 55 "$display", "[INFO] Sending 64 input data" {0 0 0};
    %pushi/vec4 0, 0, 32;
    %store/vec4 v0000025dfefe0b60_0, 0, 32;
T_23.0 ;
    %load/vec4 v0000025dfefe0b60_0;
    %cmpi/s 64, 0, 32;
    %jmp/0xz T_23.1, 5;
    %load/vec4 v0000025dfefe0b60_0;
    %pad/s 16;
    %store/vec4 v0000025dfefe0a20_0, 0, 16;
    %vpi_call 8 58 "$display", "[INPUT] Input[%0d] = %h, busy=%b, valid=%b, state=%0d, input_count=%0d, time=%t", v0000025dfefe0b60_0, v0000025dfefe0a20_0, v0000025dfefe2780_0, v0000025dfefe40b0_0, v0000025dfefe3610_0, v0000025dfefe1a60_0, $time {0 0 0};
    %delay 10000, 0;
    %load/vec4 v0000025dfefe0b60_0;
    %addi 1, 0, 32;
    %store/vec4 v0000025dfefe0b60_0, 0, 32;
    %jmp T_23.0;
T_23.1 ;
    %vpi_call 8 61 "$display", "[INFO] Waiting for busy to go low..." {0 0 0};
T_23.2 ;
    %load/vec4 v0000025dfefe2780_0;
    %pad/u 32;
    %cmpi/e 1, 0, 32;
    %jmp/0xz T_23.3, 4;
    %vpi_call 8 63 "$display", "[WAIT] busy=%b, valid=%b, state=%0d, input_count=%0d, output_count=%0d, time=%t", v0000025dfefe2780_0, v0000025dfefe40b0_0, v0000025dfefe3610_0, v0000025dfefe1a60_0, v0000025dfefe31b0_0, $time {0 0 0};
    %delay 1000000, 0;
    %jmp T_23.2;
T_23.3 ;
    %vpi_call 8 66 "$display", "[INFO] busy is LOW, reading output" {0 0 0};
    %pushi/vec4 0, 0, 32;
    %store/vec4 v0000025dfefe45b0_0, 0, 32;
    %pushi/vec4 0, 0, 32;
    %store/vec4 v0000025dfefe0b60_0, 0, 32;
T_23.4 ;
    %load/vec4 v0000025dfefe0b60_0;
    %cmpi/s 784, 0, 32;
    %jmp/0xz T_23.5, 5;
    %load/vec4 v0000025dfefe40b0_0;
    %flag_set/vec4 8;
    %jmp/0xz  T_23.6, 8;
    %vpi_call 8 70 "$display", "[OUTPUT] Output[%0d] = %h, busy=%b, state=%0d, output_count=%0d, time=%t", v0000025dfefe0b60_0, v0000025dfefe0ac0_0, v0000025dfefe2780_0, v0000025dfefe3610_0, v0000025dfefe31b0_0, $time {0 0 0};
    %load/vec4 v0000025dfefe45b0_0;
    %addi 1, 0, 32;
    %store/vec4 v0000025dfefe45b0_0, 0, 32;
    %jmp T_23.7;
T_23.6 ;
    %load/vec4 v0000025dfefe0b60_0;
    %pushi/vec4 50, 0, 32;
    %mod/s;
    %cmpi/e 0, 0, 32;
    %jmp/0xz  T_23.8, 4;
    %vpi_call 8 73 "$display", "[INFO] Waiting valid... i=%0d, busy=%b, state=%0d, output_count=%0d, time=%t", v0000025dfefe0b60_0, v0000025dfefe2780_0, v0000025dfefe3610_0, v0000025dfefe31b0_0, $time {0 0 0};
T_23.8 ;
T_23.7 ;
    %delay 10000, 0;
    %load/vec4 v0000025dfefe0b60_0;
    %addi 1, 0, 32;
    %store/vec4 v0000025dfefe0b60_0, 0, 32;
    %jmp T_23.4;
T_23.5 ;
    %vpi_call 8 77 "$display", "[INFO] Output read done, total valid output: %0d", v0000025dfefe45b0_0 {0 0 0};
    %vpi_call 8 78 "$display", "[INFO] Simulation finished normally" {0 0 0};
    %vpi_call 8 79 "$finish" {0 0 0};
    %end;
    .thread T_23;
    .scope S_0000025dfef665f0;
T_24 ;
    %wait E_0000025dfef21a10;
    %load/vec4 v0000025dfefe3610_0;
    %load/vec4 v0000025dfefe1b00_0;
    %cmp/ne;
    %jmp/0xz  T_24.0, 6;
    %vpi_call 8 86 "$display", "[FSM] State changed: state=%0d, busy=%b, valid=%b, input_count=%0d, output_count=%0d, time=%t", v0000025dfefe3610_0, v0000025dfefe2780_0, v0000025dfefe40b0_0, v0000025dfefe1a60_0, v0000025dfefe31b0_0, $time {0 0 0};
    %load/vec4 v0000025dfefe3610_0;
    %assign/vec4 v0000025dfefe1b00_0, 0;
T_24.0 ;
    %jmp T_24;
    .thread T_24;
    .scope S_0000025dfef665f0;
T_25 ;
    %delay 1410065408, 2;
    %vpi_call 8 94 "$display", "[TIMEOUT] Simulasi dihentikan karena melebihi waktu maksimum pada waktu %t", $time {0 0 0};
    %vpi_call 8 95 "$display", "[TIMEOUT] busy=%b, valid=%b, state=%0d, input_count=%0d, output_count=%0d", v0000025dfefe2780_0, v0000025dfefe40b0_0, v0000025dfefe3610_0, v0000025dfefe1a60_0, v0000025dfefe31b0_0 {0 0 0};
    %vpi_call 8 96 "$finish" {0 0 0};
    %end;
    .thread T_25;
# The file index is used to find the file name in the following table.
:file_names 15;
    "N/A";
    "<interactive>";
    "./layers/leaky_relu.v";
    "./layers/neuron_processing_unit.v";
    "./layers/fixed_point_alu.v";
    "./layers/pipelined_mac.v";
    "./layers/relu.v";
    "./layers/tanh_lut.v";
    "tb_top_entity.v";
    "./top_entity.v";
    "./layers/layer1_generator_v2.v";
    "./layers/layer2_generator_v2.v";
    "./layers/layer3_generator_v2.v";
    "./layers/serialregisterIn.v";
    "./layers/serialregisterOut.v";
