#! /c/Source/iverilog-install/bin/vvp
:ivl_version "12.0 (devel)" "(s20150603-1539-g2693dd32b)";
:ivl_delay_selection "TYPICAL";
:vpi_time_precision - 12;
:vpi_module "C:\iverilog\lib\ivl\system.vpi";
:vpi_module "C:\iverilog\lib\ivl\vhdl_sys.vpi";
:vpi_module "C:\iverilog\lib\ivl\vhdl_textio.vpi";
:vpi_module "C:\iverilog\lib\ivl\v2005_math.vpi";
:vpi_module "C:\iverilog\lib\ivl\va_math.vpi";
S_000001eb6c81d840 .scope module, "leaky_relu" "leaky_relu" 2 6;
 .timescale -9 -12;
    .port_info 0 /INPUT 16 "in_val";
    .port_info 1 /OUTPUT 16 "out_val";
P_000001eb6c7858f0 .param/l "SLOPE_DEN" 0 2 6, +C4<00000000000000000000000000001000>;
P_000001eb6c785928 .param/l "SLOPE_NUM" 0 2 6, +C4<00000000000000000000000000000001>;
v000001eb6c9062c0_0 .net/s *"_ivl_10", 31 0, L_000001eb6c9beb70;  1 drivers
v000001eb6c905780_0 .net/s *"_ivl_2", 31 0, L_000001eb6c9bead0;  1 drivers
L_000001eb6c9c1828 .functor BUFT 1, C4<00000000000000000000000000000001>, C4<0>, C4<0>, C4<0>;
v000001eb6c905f00_0 .net/2s *"_ivl_4", 31 0, L_000001eb6c9c1828;  1 drivers
v000001eb6c905140_0 .net/s *"_ivl_7", 31 0, L_000001eb6c9bee90;  1 drivers
L_000001eb6c9c1870 .functor BUFT 1, C4<00000000000000000000000000001000>, C4<0>, C4<0>, C4<0>;
v000001eb6c905c80_0 .net/2s *"_ivl_8", 31 0, L_000001eb6c9c1870;  1 drivers
o000001eb6c955828 .functor BUFZ 16, C4<zzzzzzzzzzzzzzzz>; HiZ drive
v000001eb6c905820_0 .net/s "in_val", 15 0, o000001eb6c955828;  0 drivers
v000001eb6c905be0_0 .net/s "neg_val", 15 0, L_000001eb6c9c0290;  1 drivers
v000001eb6c904ec0_0 .net/s "out_val", 15 0, L_000001eb6c9bfd90;  1 drivers
v000001eb6c9055a0_0 .net "sign", 0 0, L_000001eb6c9bfbb0;  1 drivers
L_000001eb6c9bfbb0 .part o000001eb6c955828, 15, 1;
L_000001eb6c9bead0 .extend/s 32, o000001eb6c955828;
L_000001eb6c9bee90 .arith/mult 32, L_000001eb6c9bead0, L_000001eb6c9c1828;
L_000001eb6c9beb70 .arith/div.s 32, L_000001eb6c9bee90, L_000001eb6c9c1870;
L_000001eb6c9c0290 .part L_000001eb6c9beb70, 0, 16;
L_000001eb6c9bfd90 .functor MUXZ 16, o000001eb6c955828, L_000001eb6c9c0290, L_000001eb6c9bfbb0, C4<>;
S_000001eb6c81d9d0 .scope module, "neuron_processing_unit" "neuron_processing_unit" 3 6;
 .timescale -9 -12;
    .port_info 0 /INPUT 16 "a0";
    .port_info 1 /INPUT 16 "a1";
    .port_info 2 /INPUT 16 "a2";
    .port_info 3 /INPUT 16 "a3";
    .port_info 4 /INPUT 16 "a4";
    .port_info 5 /INPUT 16 "a5";
    .port_info 6 /INPUT 16 "a6";
    .port_info 7 /INPUT 16 "a7";
    .port_info 8 /INPUT 16 "b0";
    .port_info 9 /INPUT 16 "b1";
    .port_info 10 /INPUT 16 "b2";
    .port_info 11 /INPUT 16 "b3";
    .port_info 12 /INPUT 16 "b4";
    .port_info 13 /INPUT 16 "b5";
    .port_info 14 /INPUT 16 "b6";
    .port_info 15 /INPUT 16 "b7";
    .port_info 16 /INPUT 16 "acc0";
    .port_info 17 /INPUT 16 "acc1";
    .port_info 18 /INPUT 16 "acc2";
    .port_info 19 /INPUT 16 "acc3";
    .port_info 20 /INPUT 16 "acc4";
    .port_info 21 /INPUT 16 "acc5";
    .port_info 22 /INPUT 16 "acc6";
    .port_info 23 /INPUT 16 "acc7";
    .port_info 24 /OUTPUT 16 "y0";
    .port_info 25 /OUTPUT 16 "y1";
    .port_info 26 /OUTPUT 16 "y2";
    .port_info 27 /OUTPUT 16 "y3";
    .port_info 28 /OUTPUT 16 "y4";
    .port_info 29 /OUTPUT 16 "y5";
    .port_info 30 /OUTPUT 16 "y6";
    .port_info 31 /OUTPUT 16 "y7";
P_000001eb6c91d7b0 .param/l "DATA_WIDTH" 0 3 7, +C4<00000000000000000000000000010000>;
o000001eb6c9559d8 .functor BUFZ 16, C4<zzzzzzzzzzzzzzzz>; HiZ drive
v000001eb6c9a6f10_0 .net/s "a0", 15 0, o000001eb6c9559d8;  0 drivers
o000001eb6c955be8 .functor BUFZ 16, C4<zzzzzzzzzzzzzzzz>; HiZ drive
v000001eb6c9a57f0_0 .net/s "a1", 15 0, o000001eb6c955be8;  0 drivers
o000001eb6c955df8 .functor BUFZ 16, C4<zzzzzzzzzzzzzzzz>; HiZ drive
v000001eb6c9a5890_0 .net/s "a2", 15 0, o000001eb6c955df8;  0 drivers
o000001eb6c956008 .functor BUFZ 16, C4<zzzzzzzzzzzzzzzz>; HiZ drive
v000001eb6c9a6e70_0 .net/s "a3", 15 0, o000001eb6c956008;  0 drivers
o000001eb6c956218 .functor BUFZ 16, C4<zzzzzzzzzzzzzzzz>; HiZ drive
v000001eb6c9a6790_0 .net/s "a4", 15 0, o000001eb6c956218;  0 drivers
o000001eb6c956428 .functor BUFZ 16, C4<zzzzzzzzzzzzzzzz>; HiZ drive
v000001eb6c9a5a70_0 .net/s "a5", 15 0, o000001eb6c956428;  0 drivers
o000001eb6c956638 .functor BUFZ 16, C4<zzzzzzzzzzzzzzzz>; HiZ drive
v000001eb6c9a5b10_0 .net/s "a6", 15 0, o000001eb6c956638;  0 drivers
o000001eb6c956848 .functor BUFZ 16, C4<zzzzzzzzzzzzzzzz>; HiZ drive
v000001eb6c9a5bb0_0 .net/s "a7", 15 0, o000001eb6c956848;  0 drivers
o000001eb6c9569c8 .functor BUFZ 16, C4<zzzzzzzzzzzzzzzz>; HiZ drive
v000001eb6c9a5c50_0 .net/s "acc0", 15 0, o000001eb6c9569c8;  0 drivers
o000001eb6c9569f8 .functor BUFZ 16, C4<zzzzzzzzzzzzzzzz>; HiZ drive
v000001eb6c9a5d90_0 .net/s "acc1", 15 0, o000001eb6c9569f8;  0 drivers
o000001eb6c956a28 .functor BUFZ 16, C4<zzzzzzzzzzzzzzzz>; HiZ drive
v000001eb6c9a6470_0 .net/s "acc2", 15 0, o000001eb6c956a28;  0 drivers
o000001eb6c956a58 .functor BUFZ 16, C4<zzzzzzzzzzzzzzzz>; HiZ drive
v000001eb6c9a8480_0 .net/s "acc3", 15 0, o000001eb6c956a58;  0 drivers
o000001eb6c956a88 .functor BUFZ 16, C4<zzzzzzzzzzzzzzzz>; HiZ drive
v000001eb6c9a87a0_0 .net/s "acc4", 15 0, o000001eb6c956a88;  0 drivers
o000001eb6c956ab8 .functor BUFZ 16, C4<zzzzzzzzzzzzzzzz>; HiZ drive
v000001eb6c9a8340_0 .net/s "acc5", 15 0, o000001eb6c956ab8;  0 drivers
o000001eb6c956ae8 .functor BUFZ 16, C4<zzzzzzzzzzzzzzzz>; HiZ drive
v000001eb6c9a7b20_0 .net/s "acc6", 15 0, o000001eb6c956ae8;  0 drivers
o000001eb6c956b18 .functor BUFZ 16, C4<zzzzzzzzzzzzzzzz>; HiZ drive
v000001eb6c9a7800_0 .net/s "acc7", 15 0, o000001eb6c956b18;  0 drivers
o000001eb6c955a08 .functor BUFZ 16, C4<zzzzzzzzzzzzzzzz>; HiZ drive
v000001eb6c9a8520_0 .net/s "b0", 15 0, o000001eb6c955a08;  0 drivers
o000001eb6c955c18 .functor BUFZ 16, C4<zzzzzzzzzzzzzzzz>; HiZ drive
v000001eb6c9a8f20_0 .net/s "b1", 15 0, o000001eb6c955c18;  0 drivers
o000001eb6c955e28 .functor BUFZ 16, C4<zzzzzzzzzzzzzzzz>; HiZ drive
v000001eb6c9a96a0_0 .net/s "b2", 15 0, o000001eb6c955e28;  0 drivers
o000001eb6c956038 .functor BUFZ 16, C4<zzzzzzzzzzzzzzzz>; HiZ drive
v000001eb6c9a85c0_0 .net/s "b3", 15 0, o000001eb6c956038;  0 drivers
o000001eb6c956248 .functor BUFZ 16, C4<zzzzzzzzzzzzzzzz>; HiZ drive
v000001eb6c9a7c60_0 .net/s "b4", 15 0, o000001eb6c956248;  0 drivers
o000001eb6c956458 .functor BUFZ 16, C4<zzzzzzzzzzzzzzzz>; HiZ drive
v000001eb6c9a8e80_0 .net/s "b5", 15 0, o000001eb6c956458;  0 drivers
o000001eb6c956668 .functor BUFZ 16, C4<zzzzzzzzzzzzzzzz>; HiZ drive
v000001eb6c9a82a0_0 .net/s "b6", 15 0, o000001eb6c956668;  0 drivers
o000001eb6c956878 .functor BUFZ 16, C4<zzzzzzzzzzzzzzzz>; HiZ drive
v000001eb6c9a83e0_0 .net/s "b7", 15 0, o000001eb6c956878;  0 drivers
v000001eb6c9a7940_0 .net/s "mul_out0", 15 0, v000001eb6c906cc0_0;  1 drivers
v000001eb6c9a7d00_0 .net/s "mul_out1", 15 0, v000001eb6c9065e0_0;  1 drivers
v000001eb6c9a8160_0 .net/s "mul_out2", 15 0, v000001eb6c905460_0;  1 drivers
v000001eb6c9a78a0_0 .net/s "mul_out3", 15 0, v000001eb6c9a6150_0;  1 drivers
v000001eb6c9a9420_0 .net/s "mul_out4", 15 0, v000001eb6c9a6a10_0;  1 drivers
v000001eb6c9a8fc0_0 .net/s "mul_out5", 15 0, v000001eb6c9a70f0_0;  1 drivers
v000001eb6c9a9060_0 .net/s "mul_out6", 15 0, v000001eb6c9a65b0_0;  1 drivers
v000001eb6c9a79e0_0 .net/s "mul_out7", 15 0, v000001eb6c9a7370_0;  1 drivers
v000001eb6c9a8de0_0 .net/s "y0", 15 0, L_000001eb6ca1b730;  1 drivers
v000001eb6c9a8660_0 .net/s "y1", 15 0, L_000001eb6ca19a70;  1 drivers
v000001eb6c9a8ca0_0 .net/s "y2", 15 0, L_000001eb6ca1a970;  1 drivers
v000001eb6c9a7a80_0 .net/s "y3", 15 0, L_000001eb6ca1aa10;  1 drivers
v000001eb6c9a8200_0 .net/s "y4", 15 0, L_000001eb6ca1a330;  1 drivers
v000001eb6c9a8700_0 .net/s "y5", 15 0, L_000001eb6ca1aab0;  1 drivers
v000001eb6c9a9380_0 .net/s "y6", 15 0, L_000001eb6ca1abf0;  1 drivers
v000001eb6c9a94c0_0 .net/s "y7", 15 0, L_000001eb6ca1ac90;  1 drivers
L_000001eb6ca1b730 .arith/sum 16, o000001eb6c9569c8, v000001eb6c906cc0_0;
L_000001eb6ca19a70 .arith/sum 16, o000001eb6c9569f8, v000001eb6c9065e0_0;
L_000001eb6ca1a970 .arith/sum 16, o000001eb6c956a28, v000001eb6c905460_0;
L_000001eb6ca1aa10 .arith/sum 16, o000001eb6c956a58, v000001eb6c9a6150_0;
L_000001eb6ca1a330 .arith/sum 16, o000001eb6c956a88, v000001eb6c9a6a10_0;
L_000001eb6ca1aab0 .arith/sum 16, o000001eb6c956ab8, v000001eb6c9a70f0_0;
L_000001eb6ca1abf0 .arith/sum 16, o000001eb6c956ae8, v000001eb6c9a65b0_0;
L_000001eb6ca1ac90 .arith/sum 16, o000001eb6c956b18, v000001eb6c9a7370_0;
S_000001eb6c7e2eb0 .scope module, "alu0" "fixed_point_alu" 3 20, 4 7 0, S_000001eb6c81d9d0;
 .timescale -9 -12;
    .port_info 0 /INPUT 16 "a";
    .port_info 1 /INPUT 16 "b";
    .port_info 2 /OUTPUT 16 "y";
v000001eb6c9058c0_0 .net/s *"_ivl_0", 31 0, L_000001eb6c9bfed0;  1 drivers
v000001eb6c906900_0 .net/s *"_ivl_2", 31 0, L_000001eb6c9bec10;  1 drivers
v000001eb6c904f60_0 .net *"_ivl_8", 21 0, L_000001eb6c9befd0;  1 drivers
v000001eb6c906540_0 .net/s "a", 15 0, o000001eb6c9559d8;  alias, 0 drivers
v000001eb6c905500_0 .net/s "b", 15 0, o000001eb6c955a08;  alias, 0 drivers
v000001eb6c906360_0 .net/s "mult", 31 0, L_000001eb6c9bf110;  1 drivers
v000001eb6c906c20_0 .net/s "shifted", 31 0, L_000001eb6c9bf250;  1 drivers
v000001eb6c906cc0_0 .var/s "y", 15 0;
E_000001eb6c91d370 .event anyedge, v000001eb6c906c20_0;
L_000001eb6c9bfed0 .extend/s 32, o000001eb6c9559d8;
L_000001eb6c9bec10 .extend/s 32, o000001eb6c955a08;
L_000001eb6c9bf110 .arith/mult 32, L_000001eb6c9bfed0, L_000001eb6c9bec10;
L_000001eb6c9befd0 .part L_000001eb6c9bf110, 10, 22;
L_000001eb6c9bf250 .extend/s 32, L_000001eb6c9befd0;
S_000001eb6c947060 .scope module, "alu1" "fixed_point_alu" 3 21, 4 7 0, S_000001eb6c81d9d0;
 .timescale -9 -12;
    .port_info 0 /INPUT 16 "a";
    .port_info 1 /INPUT 16 "b";
    .port_info 2 /OUTPUT 16 "y";
v000001eb6c9053c0_0 .net/s *"_ivl_0", 31 0, L_000001eb6c9bf2f0;  1 drivers
v000001eb6c906860_0 .net/s *"_ivl_2", 31 0, L_000001eb6ca19f70;  1 drivers
v000001eb6c905fa0_0 .net *"_ivl_8", 21 0, L_000001eb6ca19930;  1 drivers
v000001eb6c905b40_0 .net/s "a", 15 0, o000001eb6c955be8;  alias, 0 drivers
v000001eb6c906400_0 .net/s "b", 15 0, o000001eb6c955c18;  alias, 0 drivers
v000001eb6c905dc0_0 .net/s "mult", 31 0, L_000001eb6ca1b2d0;  1 drivers
v000001eb6c906040_0 .net/s "shifted", 31 0, L_000001eb6ca1a010;  1 drivers
v000001eb6c9065e0_0 .var/s "y", 15 0;
E_000001eb6c91e970 .event anyedge, v000001eb6c906040_0;
L_000001eb6c9bf2f0 .extend/s 32, o000001eb6c955be8;
L_000001eb6ca19f70 .extend/s 32, o000001eb6c955c18;
L_000001eb6ca1b2d0 .arith/mult 32, L_000001eb6c9bf2f0, L_000001eb6ca19f70;
L_000001eb6ca19930 .part L_000001eb6ca1b2d0, 10, 22;
L_000001eb6ca1a010 .extend/s 32, L_000001eb6ca19930;
S_000001eb6c9471f0 .scope module, "alu2" "fixed_point_alu" 3 22, 4 7 0, S_000001eb6c81d9d0;
 .timescale -9 -12;
    .port_info 0 /INPUT 16 "a";
    .port_info 1 /INPUT 16 "b";
    .port_info 2 /OUTPUT 16 "y";
v000001eb6c905000_0 .net/s *"_ivl_0", 31 0, L_000001eb6ca1b410;  1 drivers
v000001eb6c905a00_0 .net/s *"_ivl_2", 31 0, L_000001eb6ca19e30;  1 drivers
v000001eb6c9050a0_0 .net *"_ivl_8", 21 0, L_000001eb6ca1a470;  1 drivers
v000001eb6c905aa0_0 .net/s "a", 15 0, o000001eb6c955df8;  alias, 0 drivers
v000001eb6c9051e0_0 .net/s "b", 15 0, o000001eb6c955e28;  alias, 0 drivers
v000001eb6c905280_0 .net/s "mult", 31 0, L_000001eb6ca1a650;  1 drivers
v000001eb6c905320_0 .net/s "shifted", 31 0, L_000001eb6ca1b370;  1 drivers
v000001eb6c905460_0 .var/s "y", 15 0;
E_000001eb6c91edf0 .event anyedge, v000001eb6c905320_0;
L_000001eb6ca1b410 .extend/s 32, o000001eb6c955df8;
L_000001eb6ca19e30 .extend/s 32, o000001eb6c955e28;
L_000001eb6ca1a650 .arith/mult 32, L_000001eb6ca1b410, L_000001eb6ca19e30;
L_000001eb6ca1a470 .part L_000001eb6ca1a650, 10, 22;
L_000001eb6ca1b370 .extend/s 32, L_000001eb6ca1a470;
S_000001eb6c7ae200 .scope module, "alu3" "fixed_point_alu" 3 23, 4 7 0, S_000001eb6c81d9d0;
 .timescale -9 -12;
    .port_info 0 /INPUT 16 "a";
    .port_info 1 /INPUT 16 "b";
    .port_info 2 /OUTPUT 16 "y";
v000001eb6c844a20_0 .net/s *"_ivl_0", 31 0, L_000001eb6ca19d90;  1 drivers
v000001eb6c9a68d0_0 .net/s *"_ivl_2", 31 0, L_000001eb6ca1a830;  1 drivers
v000001eb6c9a6970_0 .net *"_ivl_8", 21 0, L_000001eb6ca19890;  1 drivers
v000001eb6c9a61f0_0 .net/s "a", 15 0, o000001eb6c956008;  alias, 0 drivers
v000001eb6c9a7410_0 .net/s "b", 15 0, o000001eb6c956038;  alias, 0 drivers
v000001eb6c9a74b0_0 .net/s "mult", 31 0, L_000001eb6ca1b230;  1 drivers
v000001eb6c9a6010_0 .net/s "shifted", 31 0, L_000001eb6ca1b690;  1 drivers
v000001eb6c9a6150_0 .var/s "y", 15 0;
E_000001eb6c91eb70 .event anyedge, v000001eb6c9a6010_0;
L_000001eb6ca19d90 .extend/s 32, o000001eb6c956008;
L_000001eb6ca1a830 .extend/s 32, o000001eb6c956038;
L_000001eb6ca1b230 .arith/mult 32, L_000001eb6ca19d90, L_000001eb6ca1a830;
L_000001eb6ca19890 .part L_000001eb6ca1b230, 10, 22;
L_000001eb6ca1b690 .extend/s 32, L_000001eb6ca19890;
S_000001eb6c7ae390 .scope module, "alu4" "fixed_point_alu" 3 24, 4 7 0, S_000001eb6c81d9d0;
 .timescale -9 -12;
    .port_info 0 /INPUT 16 "a";
    .port_info 1 /INPUT 16 "b";
    .port_info 2 /OUTPUT 16 "y";
v000001eb6c9a5e30_0 .net/s *"_ivl_0", 31 0, L_000001eb6ca1af10;  1 drivers
v000001eb6c9a6b50_0 .net/s *"_ivl_2", 31 0, L_000001eb6ca1afb0;  1 drivers
v000001eb6c9a5ed0_0 .net *"_ivl_8", 21 0, L_000001eb6ca19b10;  1 drivers
v000001eb6c9a6d30_0 .net/s "a", 15 0, o000001eb6c956218;  alias, 0 drivers
v000001eb6c9a66f0_0 .net/s "b", 15 0, o000001eb6c956248;  alias, 0 drivers
v000001eb6c9a6bf0_0 .net/s "mult", 31 0, L_000001eb6ca19ed0;  1 drivers
v000001eb6c9a6330_0 .net/s "shifted", 31 0, L_000001eb6ca1a3d0;  1 drivers
v000001eb6c9a6a10_0 .var/s "y", 15 0;
E_000001eb6c91ec70 .event anyedge, v000001eb6c9a6330_0;
L_000001eb6ca1af10 .extend/s 32, o000001eb6c956218;
L_000001eb6ca1afb0 .extend/s 32, o000001eb6c956248;
L_000001eb6ca19ed0 .arith/mult 32, L_000001eb6ca1af10, L_000001eb6ca1afb0;
L_000001eb6ca19b10 .part L_000001eb6ca19ed0, 10, 22;
L_000001eb6ca1a3d0 .extend/s 32, L_000001eb6ca19b10;
S_000001eb6c8cd110 .scope module, "alu5" "fixed_point_alu" 3 25, 4 7 0, S_000001eb6c81d9d0;
 .timescale -9 -12;
    .port_info 0 /INPUT 16 "a";
    .port_info 1 /INPUT 16 "b";
    .port_info 2 /OUTPUT 16 "y";
v000001eb6c9a7230_0 .net/s *"_ivl_0", 31 0, L_000001eb6ca1a6f0;  1 drivers
v000001eb6c9a5f70_0 .net/s *"_ivl_2", 31 0, L_000001eb6ca199d0;  1 drivers
v000001eb6c9a60b0_0 .net *"_ivl_8", 21 0, L_000001eb6ca1a790;  1 drivers
v000001eb6c9a6830_0 .net/s "a", 15 0, o000001eb6c956428;  alias, 0 drivers
v000001eb6c9a6ab0_0 .net/s "b", 15 0, o000001eb6c956458;  alias, 0 drivers
v000001eb6c9a6fb0_0 .net/s "mult", 31 0, L_000001eb6ca19bb0;  1 drivers
v000001eb6c9a59d0_0 .net/s "shifted", 31 0, L_000001eb6ca1b050;  1 drivers
v000001eb6c9a70f0_0 .var/s "y", 15 0;
E_000001eb6c91e630 .event anyedge, v000001eb6c9a59d0_0;
L_000001eb6ca1a6f0 .extend/s 32, o000001eb6c956428;
L_000001eb6ca199d0 .extend/s 32, o000001eb6c956458;
L_000001eb6ca19bb0 .arith/mult 32, L_000001eb6ca1a6f0, L_000001eb6ca199d0;
L_000001eb6ca1a790 .part L_000001eb6ca19bb0, 10, 22;
L_000001eb6ca1b050 .extend/s 32, L_000001eb6ca1a790;
S_000001eb6c8cd2a0 .scope module, "alu6" "fixed_point_alu" 3 26, 4 7 0, S_000001eb6c81d9d0;
 .timescale -9 -12;
    .port_info 0 /INPUT 16 "a";
    .port_info 1 /INPUT 16 "b";
    .port_info 2 /OUTPUT 16 "y";
v000001eb6c9a6510_0 .net/s *"_ivl_0", 31 0, L_000001eb6ca1a510;  1 drivers
v000001eb6c9a6c90_0 .net/s *"_ivl_2", 31 0, L_000001eb6ca1a0b0;  1 drivers
v000001eb6c9a5930_0 .net *"_ivl_8", 21 0, L_000001eb6ca1add0;  1 drivers
v000001eb6c9a7050_0 .net/s "a", 15 0, o000001eb6c956638;  alias, 0 drivers
v000001eb6c9a7190_0 .net/s "b", 15 0, o000001eb6c956668;  alias, 0 drivers
v000001eb6c9a6dd0_0 .net/s "mult", 31 0, L_000001eb6ca1a150;  1 drivers
v000001eb6c9a6650_0 .net/s "shifted", 31 0, L_000001eb6ca1a1f0;  1 drivers
v000001eb6c9a65b0_0 .var/s "y", 15 0;
E_000001eb6c91e730 .event anyedge, v000001eb6c9a6650_0;
L_000001eb6ca1a510 .extend/s 32, o000001eb6c956638;
L_000001eb6ca1a0b0 .extend/s 32, o000001eb6c956668;
L_000001eb6ca1a150 .arith/mult 32, L_000001eb6ca1a510, L_000001eb6ca1a0b0;
L_000001eb6ca1add0 .part L_000001eb6ca1a150, 10, 22;
L_000001eb6ca1a1f0 .extend/s 32, L_000001eb6ca1add0;
S_000001eb6c7ab330 .scope module, "alu7" "fixed_point_alu" 3 27, 4 7 0, S_000001eb6c81d9d0;
 .timescale -9 -12;
    .port_info 0 /INPUT 16 "a";
    .port_info 1 /INPUT 16 "b";
    .port_info 2 /OUTPUT 16 "y";
v000001eb6c9a72d0_0 .net/s *"_ivl_0", 31 0, L_000001eb6ca1b4b0;  1 drivers
v000001eb6c9a7550_0 .net/s *"_ivl_2", 31 0, L_000001eb6ca1a8d0;  1 drivers
v000001eb6c9a6290_0 .net *"_ivl_8", 21 0, L_000001eb6ca1ab50;  1 drivers
v000001eb6c9a75f0_0 .net/s "a", 15 0, o000001eb6c956848;  alias, 0 drivers
v000001eb6c9a63d0_0 .net/s "b", 15 0, o000001eb6c956878;  alias, 0 drivers
v000001eb6c9a5cf0_0 .net/s "mult", 31 0, L_000001eb6ca1a5b0;  1 drivers
v000001eb6c9a7690_0 .net/s "shifted", 31 0, L_000001eb6ca1a290;  1 drivers
v000001eb6c9a7370_0 .var/s "y", 15 0;
E_000001eb6c91ec30 .event anyedge, v000001eb6c9a7690_0;
L_000001eb6ca1b4b0 .extend/s 32, o000001eb6c956848;
L_000001eb6ca1a8d0 .extend/s 32, o000001eb6c956878;
L_000001eb6ca1a5b0 .arith/mult 32, L_000001eb6ca1b4b0, L_000001eb6ca1a8d0;
L_000001eb6ca1ab50 .part L_000001eb6ca1a5b0, 10, 22;
L_000001eb6ca1a290 .extend/s 32, L_000001eb6ca1ab50;
S_000001eb6c7a9030 .scope module, "pipelined_mac" "pipelined_mac" 5 1;
 .timescale -9 -12;
    .port_info 0 /INPUT 1 "clk";
    .port_info 1 /INPUT 1 "rst";
    .port_info 2 /INPUT 1 "start";
    .port_info 3 /INPUT 512 "a_flat";
    .port_info 4 /INPUT 512 "b_flat";
    .port_info 5 /INPUT 16 "bias";
    .port_info 6 /OUTPUT 16 "result";
    .port_info 7 /OUTPUT 1 "done";
o000001eb6c9572c8 .functor BUFZ 512, C4<zzzzzzzzzzzzzzzzzzzzzzzzzzzzzzzzzzzzzzzzzzzzzzzzzzzzzzzzzzzzzzzzzzzzzzzzzzzzzzzzzzzzzzzzzzzzzzzzzzzzzzzzzzzzzzzzzzzzzzzzzzzzzzzzzzzzzzzzzzzzzzzzzzzzzzzzzzzzzzzzzzzzzzzzzzzzzzzzzzzzzzzzzzzzzzzzzzzzzzzzzzzzzzzzzzzzzzzzzzzzzzzzzzzzzzzzzzzzzzzzzzzzzzzzzzzzzzzzzzzzzzzzzzzzzzzzzzzzzzzzzzzzzzzzzzzzzzzzzzzzzzzzzzzzzzzzzzzzzzzzzzzzzzzzzzzzzzzzzzzzzzzzzzzzzzzzzzzzzzzzzzzzzzzzzzzzzzzzzzzzzzzzzzzzzzzzzzzzzzzzzzzzzzzzzzzzzzzzzzzzzzzzzzzzzzzzzzzzzzzzzzzzzzzzzzzzzzzzzzzzzzzzzzzzzzzzzzzzzzzzzzzzzzzzzzzzzzzzzzzzzzzzzzzzzzzz>; HiZ drive
v000001eb6c9a7bc0_0 .net/s "a_flat", 511 0, o000001eb6c9572c8;  0 drivers
o000001eb6c9572f8 .functor BUFZ 512, C4<zzzzzzzzzzzzzzzzzzzzzzzzzzzzzzzzzzzzzzzzzzzzzzzzzzzzzzzzzzzzzzzzzzzzzzzzzzzzzzzzzzzzzzzzzzzzzzzzzzzzzzzzzzzzzzzzzzzzzzzzzzzzzzzzzzzzzzzzzzzzzzzzzzzzzzzzzzzzzzzzzzzzzzzzzzzzzzzzzzzzzzzzzzzzzzzzzzzzzzzzzzzzzzzzzzzzzzzzzzzzzzzzzzzzzzzzzzzzzzzzzzzzzzzzzzzzzzzzzzzzzzzzzzzzzzzzzzzzzzzzzzzzzzzzzzzzzzzzzzzzzzzzzzzzzzzzzzzzzzzzzzzzzzzzzzzzzzzzzzzzzzzzzzzzzzzzzzzzzzzzzzzzzzzzzzzzzzzzzzzzzzzzzzzzzzzzzzzzzzzzzzzzzzzzzzzzzzzzzzzzzzzzzzzzzzzzzzzzzzzzzzzzzzzzzzzzzzzzzzzzzzzzzzzzzzzzzzzzzzzzzzzzzzzzzzzzzzzzzzzzzzzzzzzzzzzz>; HiZ drive
v000001eb6c9a7e40_0 .net/s "b_flat", 511 0, o000001eb6c9572f8;  0 drivers
o000001eb6c957328 .functor BUFZ 16, C4<zzzzzzzzzzzzzzzz>; HiZ drive
v000001eb6c9a8840_0 .net/s "bias", 15 0, o000001eb6c957328;  0 drivers
o000001eb6c957358 .functor BUFZ 1, C4<z>; HiZ drive
v000001eb6c9a7da0_0 .net "clk", 0 0, o000001eb6c957358;  0 drivers
v000001eb6c9a8a20_0 .var "d0", 0 0;
v000001eb6c9a9100_0 .var "d1", 0 0;
v000001eb6c9a8d40_0 .var "d2", 0 0;
v000001eb6c9a88e0_0 .var "d3", 0 0;
v000001eb6c9a7ee0_0 .var "d4", 0 0;
v000001eb6c9a91a0_0 .var "d5", 0 0;
v000001eb6c9a7f80_0 .var "d6", 0 0;
v000001eb6c9a8020_0 .var "done", 0 0;
v000001eb6c9a9560 .array/s "p", 31 0, 31 0;
v000001eb6c9a9240 .array/s "ra", 31 0, 15 0;
v000001eb6c9a80c0 .array/s "rb", 31 0, 15 0;
v000001eb6c9a9600_0 .var/s "result", 15 0;
o000001eb6c957538 .functor BUFZ 1, C4<z>; HiZ drive
v000001eb6c9a8980_0 .net "rst", 0 0, o000001eb6c957538;  0 drivers
v000001eb6c9a8ac0 .array/s "s1", 15 0, 31 0;
v000001eb6c9a8b60 .array/s "s2", 7 0, 31 0;
v000001eb6c9a8c00 .array/s "s3", 3 0, 31 0;
v000001eb6c9a92e0 .array/s "s4", 1 0, 31 0;
o000001eb6c957568 .functor BUFZ 1, C4<z>; HiZ drive
v000001eb6c9a9950_0 .net "start", 0 0, o000001eb6c957568;  0 drivers
v000001eb6c9ab250_0 .var/s "total_sum", 31 0;
E_000001eb6c91e4f0 .event posedge, v000001eb6c9a8980_0, v000001eb6c9a7da0_0;
S_000001eb6c7e5750 .scope module, "relu" "relu" 6 3;
 .timescale -9 -12;
    .port_info 0 /INPUT 16 "in";
    .port_info 1 /OUTPUT 16 "out";
P_000001eb6c91d4b0 .param/l "N" 0 6 3, +C4<00000000000000000000000000010000>;
L_000001eb6c9c18b8 .functor BUFT 1, C4<1>, C4<0>, C4<0>, C4<0>;
L_000001eb6c9548b0 .functor XNOR 1, L_000001eb6ca1ad30, L_000001eb6c9c18b8, C4<0>, C4<0>;
v000001eb6c9a99f0_0 .net *"_ivl_1", 0 0, L_000001eb6ca1ad30;  1 drivers
v000001eb6c9aa210_0 .net/2u *"_ivl_2", 0 0, L_000001eb6c9c18b8;  1 drivers
v000001eb6c9aa490_0 .net *"_ivl_4", 0 0, L_000001eb6c9548b0;  1 drivers
L_000001eb6c9c1900 .functor BUFT 1, C4<0000000000000000>, C4<0>, C4<0>, C4<0>;
v000001eb6c9aa850_0 .net/2u *"_ivl_6", 15 0, L_000001eb6c9c1900;  1 drivers
o000001eb6c957808 .functor BUFZ 16, C4<zzzzzzzzzzzzzzzz>; HiZ drive
v000001eb6c9aaad0_0 .net/s "in", 15 0, o000001eb6c957808;  0 drivers
v000001eb6c9a9d10_0 .net/s "out", 15 0, L_000001eb6ca1b550;  1 drivers
L_000001eb6ca1ad30 .part o000001eb6c957808, 15, 1;
L_000001eb6ca1b550 .functor MUXZ 16, o000001eb6c957808, L_000001eb6c9c1900, L_000001eb6c9548b0, C4<>;
S_000001eb6c7e58e0 .scope module, "tanh_lut" "tanh_lut" 7 5;
 .timescale -9 -12;
    .port_info 0 /INPUT 16 "in";
    .port_info 1 /OUTPUT 16 "out";
P_000001eb6c92f3b0 .param/l "MAX" 1 7 12, +C4<1111110000000000>;
P_000001eb6c92f3e8 .param/l "MIN" 1 7 13, +C4<0000010000000000>;
P_000001eb6c92f420 .param/l "NEG_THRESH" 1 7 11, +C4<0000001000000000>;
P_000001eb6c92f458 .param/l "POS_THRESH" 1 7 10, +C4<1111111000000000>;
P_000001eb6c92f490 .param/l "W" 0 7 5, +C4<00000000000000000000000000010000>;
o000001eb6c9578c8 .functor BUFZ 16, C4<zzzzzzzzzzzzzzzz>; HiZ drive
v000001eb6c9aab70_0 .net/s "in", 15 0, o000001eb6c9578c8;  0 drivers
v000001eb6c9aac10_0 .var/s "out", 15 0;
E_000001eb6c91e4b0 .event anyedge, v000001eb6c9aab70_0;
S_000001eb6c7e2d20 .scope module, "top_entity" "top_entity" 8 22;
 .timescale -9 -12;
    .port_info 0 /INPUT 1 "clk";
    .port_info 1 /INPUT 1 "rst_n";
    .port_info 2 /INPUT 1 "start";
    .port_info 3 /INPUT 16 "data_in";
    .port_info 4 /OUTPUT 16 "data_out";
    .port_info 5 /OUTPUT 1 "valid";
    .port_info 6 /OUTPUT 1 "busy";
L_000001eb6c954a00 .functor BUFZ 16, v000001eb6c9bf6b0_0, C4<0000000000000000>, C4<0000000000000000>, C4<0000000000000000>;
L_000001eb6c954060 .functor BUFZ 1, v000001eb6c9bfa70_0, C4<0>, C4<0>, C4<0>;
L_000001eb6c954a70 .functor NOT 1, v000001eb6c9c0010_0, C4<0>, C4<0>, C4<0>;
v000001eb6c9bfe30_0 .net "busy", 0 0, L_000001eb6c954a70;  1 drivers
o000001eb6c957a48 .functor BUFZ 1, C4<z>; HiZ drive
v000001eb6c9c05b0_0 .net "clk", 0 0, o000001eb6c957a48;  0 drivers
o000001eb6c959b78 .functor BUFZ 16, C4<zzzzzzzzzzzzzzzz>; HiZ drive
v000001eb6c9bfcf0_0 .net "data_in", 15 0, o000001eb6c959b78;  0 drivers
v000001eb6c9bf430_0 .net "data_out", 15 0, L_000001eb6c954a00;  1 drivers
v000001eb6c9bf7f0_0 .var "in_din", 15 0;
v000001eb6c9c0330_0 .net "in_done", 0 0, v000001eb6c9bc910_0;  1 drivers
v000001eb6c9bed50_0 .net "in_dout", 15 0, v000001eb6c9bd090_0;  1 drivers
v000001eb6c9c0510_0 .var "in_en", 0 0;
o000001eb6c9596f8 .functor BUFZ 6, C4<zzzzzz>; HiZ drive
v000001eb6c9c01f0_0 .net "in_rd_addr", 5 0, o000001eb6c9596f8;  0 drivers
v000001eb6c9bf1b0_0 .net "l1_done", 0 0, v000001eb6c9ab6b0_0;  1 drivers
v000001eb6c9bf070_0 .net/s "l1_flat_output", 4095 0, v000001eb6c9aa990_0;  1 drivers
v000001eb6c9bf4d0_0 .var "l1_start", 0 0;
v000001eb6c9c06f0_0 .net "l2_done", 0 0, v000001eb6c9bc870_0;  1 drivers
v000001eb6c9bf930_0 .net/s "l2_flat_output", 4095 0, v000001eb6c9bc230_0;  1 drivers
v000001eb6c9be8f0_0 .var "l2_start", 0 0;
v000001eb6c9bedf0_0 .net "l3_done", 0 0, v000001eb6c9bcf50_0;  1 drivers
v000001eb6c9bef30_0 .net/s "l3_flat_output", 12543 0, v000001eb6c9bc550_0;  1 drivers
v000001eb6c9c03d0_0 .var "l3_start", 0 0;
v000001eb6c9bf570_0 .var "out_din", 15 0;
v000001eb6c9bf610_0 .net "out_done", 0 0, v000001eb6c9c0010_0;  1 drivers
v000001eb6c9becb0_0 .net "out_dout", 15 0, v000001eb6c9bf6b0_0;  1 drivers
v000001eb6c9bfa70_0 .var "out_en", 0 0;
v000001eb6c9be850_0 .var "out_wr_addr", 9 0;
v000001eb6c9bfb10_0 .var "out_wr_en", 0 0;
o000001eb6c957c28 .functor BUFZ 1, C4<z>; HiZ drive
v000001eb6c9bea30_0 .net "rst_n", 0 0, o000001eb6c957c28;  0 drivers
o000001eb6c959bd8 .functor BUFZ 1, C4<z>; HiZ drive
v000001eb6c9c0150_0 .net "start", 0 0, o000001eb6c959bd8;  0 drivers
v000001eb6c9bff70_0 .net "valid", 0 0, L_000001eb6c954060;  1 drivers
v000001eb6c9bca50_63 .array/port v000001eb6c9bca50, 63;
v000001eb6c9bca50_62 .array/port v000001eb6c9bca50, 62;
v000001eb6c9bca50_61 .array/port v000001eb6c9bca50, 61;
v000001eb6c9bca50_60 .array/port v000001eb6c9bca50, 60;
LS_000001eb6ca19c50_0_0 .concat [ 16 16 16 16], v000001eb6c9bca50_63, v000001eb6c9bca50_62, v000001eb6c9bca50_61, v000001eb6c9bca50_60;
v000001eb6c9bca50_59 .array/port v000001eb6c9bca50, 59;
v000001eb6c9bca50_58 .array/port v000001eb6c9bca50, 58;
v000001eb6c9bca50_57 .array/port v000001eb6c9bca50, 57;
v000001eb6c9bca50_56 .array/port v000001eb6c9bca50, 56;
LS_000001eb6ca19c50_0_4 .concat [ 16 16 16 16], v000001eb6c9bca50_59, v000001eb6c9bca50_58, v000001eb6c9bca50_57, v000001eb6c9bca50_56;
v000001eb6c9bca50_55 .array/port v000001eb6c9bca50, 55;
v000001eb6c9bca50_54 .array/port v000001eb6c9bca50, 54;
v000001eb6c9bca50_53 .array/port v000001eb6c9bca50, 53;
v000001eb6c9bca50_52 .array/port v000001eb6c9bca50, 52;
LS_000001eb6ca19c50_0_8 .concat [ 16 16 16 16], v000001eb6c9bca50_55, v000001eb6c9bca50_54, v000001eb6c9bca50_53, v000001eb6c9bca50_52;
v000001eb6c9bca50_51 .array/port v000001eb6c9bca50, 51;
v000001eb6c9bca50_50 .array/port v000001eb6c9bca50, 50;
v000001eb6c9bca50_49 .array/port v000001eb6c9bca50, 49;
v000001eb6c9bca50_48 .array/port v000001eb6c9bca50, 48;
LS_000001eb6ca19c50_0_12 .concat [ 16 16 16 16], v000001eb6c9bca50_51, v000001eb6c9bca50_50, v000001eb6c9bca50_49, v000001eb6c9bca50_48;
v000001eb6c9bca50_47 .array/port v000001eb6c9bca50, 47;
v000001eb6c9bca50_46 .array/port v000001eb6c9bca50, 46;
v000001eb6c9bca50_45 .array/port v000001eb6c9bca50, 45;
v000001eb6c9bca50_44 .array/port v000001eb6c9bca50, 44;
LS_000001eb6ca19c50_0_16 .concat [ 16 16 16 16], v000001eb6c9bca50_47, v000001eb6c9bca50_46, v000001eb6c9bca50_45, v000001eb6c9bca50_44;
v000001eb6c9bca50_43 .array/port v000001eb6c9bca50, 43;
v000001eb6c9bca50_42 .array/port v000001eb6c9bca50, 42;
v000001eb6c9bca50_41 .array/port v000001eb6c9bca50, 41;
v000001eb6c9bca50_40 .array/port v000001eb6c9bca50, 40;
LS_000001eb6ca19c50_0_20 .concat [ 16 16 16 16], v000001eb6c9bca50_43, v000001eb6c9bca50_42, v000001eb6c9bca50_41, v000001eb6c9bca50_40;
v000001eb6c9bca50_39 .array/port v000001eb6c9bca50, 39;
v000001eb6c9bca50_38 .array/port v000001eb6c9bca50, 38;
v000001eb6c9bca50_37 .array/port v000001eb6c9bca50, 37;
v000001eb6c9bca50_36 .array/port v000001eb6c9bca50, 36;
LS_000001eb6ca19c50_0_24 .concat [ 16 16 16 16], v000001eb6c9bca50_39, v000001eb6c9bca50_38, v000001eb6c9bca50_37, v000001eb6c9bca50_36;
v000001eb6c9bca50_35 .array/port v000001eb6c9bca50, 35;
v000001eb6c9bca50_34 .array/port v000001eb6c9bca50, 34;
v000001eb6c9bca50_33 .array/port v000001eb6c9bca50, 33;
v000001eb6c9bca50_32 .array/port v000001eb6c9bca50, 32;
LS_000001eb6ca19c50_0_28 .concat [ 16 16 16 16], v000001eb6c9bca50_35, v000001eb6c9bca50_34, v000001eb6c9bca50_33, v000001eb6c9bca50_32;
v000001eb6c9bca50_31 .array/port v000001eb6c9bca50, 31;
v000001eb6c9bca50_30 .array/port v000001eb6c9bca50, 30;
v000001eb6c9bca50_29 .array/port v000001eb6c9bca50, 29;
v000001eb6c9bca50_28 .array/port v000001eb6c9bca50, 28;
LS_000001eb6ca19c50_0_32 .concat [ 16 16 16 16], v000001eb6c9bca50_31, v000001eb6c9bca50_30, v000001eb6c9bca50_29, v000001eb6c9bca50_28;
v000001eb6c9bca50_27 .array/port v000001eb6c9bca50, 27;
v000001eb6c9bca50_26 .array/port v000001eb6c9bca50, 26;
v000001eb6c9bca50_25 .array/port v000001eb6c9bca50, 25;
v000001eb6c9bca50_24 .array/port v000001eb6c9bca50, 24;
LS_000001eb6ca19c50_0_36 .concat [ 16 16 16 16], v000001eb6c9bca50_27, v000001eb6c9bca50_26, v000001eb6c9bca50_25, v000001eb6c9bca50_24;
v000001eb6c9bca50_23 .array/port v000001eb6c9bca50, 23;
v000001eb6c9bca50_22 .array/port v000001eb6c9bca50, 22;
v000001eb6c9bca50_21 .array/port v000001eb6c9bca50, 21;
v000001eb6c9bca50_20 .array/port v000001eb6c9bca50, 20;
LS_000001eb6ca19c50_0_40 .concat [ 16 16 16 16], v000001eb6c9bca50_23, v000001eb6c9bca50_22, v000001eb6c9bca50_21, v000001eb6c9bca50_20;
v000001eb6c9bca50_19 .array/port v000001eb6c9bca50, 19;
v000001eb6c9bca50_18 .array/port v000001eb6c9bca50, 18;
v000001eb6c9bca50_17 .array/port v000001eb6c9bca50, 17;
v000001eb6c9bca50_16 .array/port v000001eb6c9bca50, 16;
LS_000001eb6ca19c50_0_44 .concat [ 16 16 16 16], v000001eb6c9bca50_19, v000001eb6c9bca50_18, v000001eb6c9bca50_17, v000001eb6c9bca50_16;
v000001eb6c9bca50_15 .array/port v000001eb6c9bca50, 15;
v000001eb6c9bca50_14 .array/port v000001eb6c9bca50, 14;
v000001eb6c9bca50_13 .array/port v000001eb6c9bca50, 13;
v000001eb6c9bca50_12 .array/port v000001eb6c9bca50, 12;
LS_000001eb6ca19c50_0_48 .concat [ 16 16 16 16], v000001eb6c9bca50_15, v000001eb6c9bca50_14, v000001eb6c9bca50_13, v000001eb6c9bca50_12;
v000001eb6c9bca50_11 .array/port v000001eb6c9bca50, 11;
v000001eb6c9bca50_10 .array/port v000001eb6c9bca50, 10;
v000001eb6c9bca50_9 .array/port v000001eb6c9bca50, 9;
v000001eb6c9bca50_8 .array/port v000001eb6c9bca50, 8;
LS_000001eb6ca19c50_0_52 .concat [ 16 16 16 16], v000001eb6c9bca50_11, v000001eb6c9bca50_10, v000001eb6c9bca50_9, v000001eb6c9bca50_8;
v000001eb6c9bca50_7 .array/port v000001eb6c9bca50, 7;
v000001eb6c9bca50_6 .array/port v000001eb6c9bca50, 6;
v000001eb6c9bca50_5 .array/port v000001eb6c9bca50, 5;
v000001eb6c9bca50_4 .array/port v000001eb6c9bca50, 4;
LS_000001eb6ca19c50_0_56 .concat [ 16 16 16 16], v000001eb6c9bca50_7, v000001eb6c9bca50_6, v000001eb6c9bca50_5, v000001eb6c9bca50_4;
v000001eb6c9bca50_3 .array/port v000001eb6c9bca50, 3;
v000001eb6c9bca50_2 .array/port v000001eb6c9bca50, 2;
v000001eb6c9bca50_1 .array/port v000001eb6c9bca50, 1;
v000001eb6c9bca50_0 .array/port v000001eb6c9bca50, 0;
LS_000001eb6ca19c50_0_60 .concat [ 16 16 16 16], v000001eb6c9bca50_3, v000001eb6c9bca50_2, v000001eb6c9bca50_1, v000001eb6c9bca50_0;
LS_000001eb6ca19c50_1_0 .concat [ 64 64 64 64], LS_000001eb6ca19c50_0_0, LS_000001eb6ca19c50_0_4, LS_000001eb6ca19c50_0_8, LS_000001eb6ca19c50_0_12;
LS_000001eb6ca19c50_1_4 .concat [ 64 64 64 64], LS_000001eb6ca19c50_0_16, LS_000001eb6ca19c50_0_20, LS_000001eb6ca19c50_0_24, LS_000001eb6ca19c50_0_28;
LS_000001eb6ca19c50_1_8 .concat [ 64 64 64 64], LS_000001eb6ca19c50_0_32, LS_000001eb6ca19c50_0_36, LS_000001eb6ca19c50_0_40, LS_000001eb6ca19c50_0_44;
LS_000001eb6ca19c50_1_12 .concat [ 64 64 64 64], LS_000001eb6ca19c50_0_48, LS_000001eb6ca19c50_0_52, LS_000001eb6ca19c50_0_56, LS_000001eb6ca19c50_0_60;
L_000001eb6ca19c50 .concat [ 256 256 256 256], LS_000001eb6ca19c50_1_0, LS_000001eb6ca19c50_1_4, LS_000001eb6ca19c50_1_8, LS_000001eb6ca19c50_1_12;
S_000001eb6c813da0 .scope module, "l1gen" "layer1_generator_v2" 8 45, 9 12 0, S_000001eb6c7e2d20;
 .timescale -9 -12;
    .port_info 0 /INPUT 1 "clk";
    .port_info 1 /INPUT 1 "rst";
    .port_info 2 /INPUT 1 "start";
    .port_info 3 /INPUT 1024 "flat_input";
    .port_info 4 /OUTPUT 4096 "flat_output";
    .port_info 5 /OUTPUT 1 "done";
P_000001eb6c7857f0 .param/l "TOTAL_INPUTS" 1 9 28, +C4<00000000000000000000000001000000>;
P_000001eb6c785828 .param/l "TOTAL_NEURONS" 1 9 27, +C4<00000000000000000000000100000000>;
v000001eb6c9a9a90_0 .net/s *"_ivl_0", 31 0, L_000001eb6ca1b5f0;  1 drivers
v000001eb6c9aa7b0_0 .net/s *"_ivl_2", 31 0, L_000001eb6ca1ae70;  1 drivers
v000001eb6c9aa350_0 .var/s "accumulator", 47 0;
v000001eb6c9aa8f0 .array/s "biases", 255 0, 15 0;
v000001eb6c9a9e50_0 .var "busy", 0 0;
v000001eb6c9aa2b0_0 .net "clk", 0 0, o000001eb6c957a48;  alias, 0 drivers
v000001eb6c9aa670_0 .var/s "current_bias", 15 0;
v000001eb6c9ab2f0_0 .var/s "current_input", 15 0;
v000001eb6c9ab430_0 .var/s "current_weight", 15 0;
v000001eb6c9ab6b0_0 .var "done", 0 0;
v000001eb6c9ab1b0_0 .net/s "flat_input", 1023 0, L_000001eb6ca19c50;  1 drivers
v000001eb6c9aa990_0 .var/s "flat_output", 4095 0;
v000001eb6c9aaa30_0 .var "input_idx", 6 0;
v000001eb6c9a9db0_0 .var "neuron_idx", 8 0;
v000001eb6c9aacb0_0 .net/s "product", 31 0, L_000001eb6ca1b0f0;  1 drivers
v000001eb6c9aad50_0 .net "rst", 0 0, o000001eb6c957c28;  alias, 0 drivers
v000001eb6c9aa030_0 .net "start", 0 0, v000001eb6c9bf4d0_0;  1 drivers
v000001eb6c9ab570 .array/s "weights", 16383 0, 15 0;
E_000001eb6c91e5b0 .event posedge, v000001eb6c9aa2b0_0;
L_000001eb6ca1b5f0 .extend/s 32, v000001eb6c9ab2f0_0;
L_000001eb6ca1ae70 .extend/s 32, v000001eb6c9ab430_0;
L_000001eb6ca1b0f0 .arith/mult 32, L_000001eb6ca1b5f0, L_000001eb6ca1ae70;
S_000001eb6c813f30 .scope module, "l2gen" "layer2_generator_v2" 8 55, 10 5 0, S_000001eb6c7e2d20;
 .timescale -9 -12;
    .port_info 0 /INPUT 1 "clk";
    .port_info 1 /INPUT 1 "rst";
    .port_info 2 /INPUT 1 "start";
    .port_info 3 /INPUT 4096 "flat_input";
    .port_info 4 /OUTPUT 4096 "flat_output";
    .port_info 5 /OUTPUT 1 "done";
P_000001eb6c91e7f0 .param/l "N" 1 10 13, +C4<00000000000000000000000100000000>;
L_000001eb6c953f10 .functor BUFZ 16, L_000001eb6ca200d0, C4<0000000000000000>, C4<0000000000000000>, C4<0000000000000000>;
v000001eb6c9aaf30_0 .net *"_ivl_1", 0 0, L_000001eb6ca1b190;  1 drivers
v000001eb6c9aa710_0 .net *"_ivl_10", 31 0, L_000001eb6ca20df0;  1 drivers
L_000001eb6c9c1990 .functor BUFT 1, C4<00000000000000000000000>, C4<0>, C4<0>, C4<0>;
v000001eb6c9a9ef0_0 .net *"_ivl_13", 22 0, L_000001eb6c9c1990;  1 drivers
v000001eb6c9aadf0_0 .net *"_ivl_14", 31 0, L_000001eb6ca20e90;  1 drivers
L_000001eb6c9c19d8 .functor BUFT 1, C4<00000000000000000000000000010000>, C4<0>, C4<0>, C4<0>;
v000001eb6c9a9f90_0 .net/2u *"_ivl_16", 31 0, L_000001eb6c9c19d8;  1 drivers
v000001eb6c9ab390_0 .net *"_ivl_19", 31 0, L_000001eb6ca1ff90;  1 drivers
v000001eb6c9aae90_0 .net *"_ivl_2", 15 0, L_000001eb6ca20f30;  1 drivers
v000001eb6c9aafd0_0 .net *"_ivl_22", 15 0, L_000001eb6ca200d0;  1 drivers
v000001eb6c9aa170_0 .net *"_ivl_24", 31 0, L_000001eb6ca20850;  1 drivers
L_000001eb6c9c1a20 .functor BUFT 1, C4<00000000000000000000000>, C4<0>, C4<0>, C4<0>;
v000001eb6c9ab070_0 .net *"_ivl_27", 22 0, L_000001eb6c9c1a20;  1 drivers
L_000001eb6c9c1a68 .functor BUFT 1, C4<00000000000000000000000100000000>, C4<0>, C4<0>, C4<0>;
v000001eb6c9ab110_0 .net/2u *"_ivl_28", 31 0, L_000001eb6c9c1a68;  1 drivers
v000001eb6c9aa0d0_0 .net *"_ivl_31", 31 0, L_000001eb6ca20c10;  1 drivers
v000001eb6c9ab4d0_0 .net *"_ivl_32", 31 0, L_000001eb6ca214d0;  1 drivers
L_000001eb6c9c1ab0 .functor BUFT 1, C4<00000000000000000000000>, C4<0>, C4<0>, C4<0>;
v000001eb6c9ab610_0 .net *"_ivl_35", 22 0, L_000001eb6c9c1ab0;  1 drivers
v000001eb6c9a9b30_0 .net *"_ivl_36", 31 0, L_000001eb6ca20cb0;  1 drivers
v000001eb6c9aa3f0_0 .net *"_ivl_4", 12 0, L_000001eb6ca19cf0;  1 drivers
v000001eb6c9aa530_0 .net/s *"_ivl_40", 31 0, L_000001eb6ca1f950;  1 drivers
v000001eb6c9a9810_0 .net/s *"_ivl_42", 31 0, L_000001eb6ca1fb30;  1 drivers
L_000001eb6c9c1948 .functor BUFT 1, C4<00000000000000000000000011111111>, C4<0>, C4<0>, C4<0>;
v000001eb6c9a9bd0_0 .net/2u *"_ivl_8", 31 0, L_000001eb6c9c1948;  1 drivers
v000001eb6c9a98b0_0 .var/s "acc_local", 47 0;
v000001eb6c9a9c70_0 .var/s "accumulator", 47 0;
v000001eb6c9aa5d0 .array/s "biases", 255 0, 15 0;
v000001eb6c9bbd30_0 .var "busy", 0 0;
v000001eb6c9bc5f0_0 .net "clk", 0 0, o000001eb6c957a48;  alias, 0 drivers
v000001eb6c9bc870_0 .var "done", 0 0;
v000001eb6c9bd450_0 .net/s "flat_input", 4095 0, v000001eb6c9aa990_0;  alias, 1 drivers
v000001eb6c9bc230_0 .var/s "flat_output", 4095 0;
v000001eb6c9bceb0_0 .net/s "in_val_w", 15 0, L_000001eb6ca1fc70;  1 drivers
v000001eb6c9bbdd0_0 .var "input_idx", 8 0;
v000001eb6c9bd130_0 .net/s "leaky_out", 15 0, L_000001eb6ca21570;  1 drivers
v000001eb6c9bbb50_0 .var "neuron_idx", 8 0;
v000001eb6c9bc690_0 .var "neuron_idx_reg", 8 0;
v000001eb6c9bd590_0 .var/s "out_val", 15 0;
v000001eb6c9bbab0_0 .net/s "prod32_w", 31 0, L_000001eb6ca1fd10;  1 drivers
v000001eb6c9bcc30_0 .net "rst", 0 0, o000001eb6c957c28;  alias, 0 drivers
v000001eb6c9bb970_0 .net "start", 0 0, v000001eb6c9be8f0_0;  1 drivers
v000001eb6c9bd270_0 .net/s "w_val_w", 15 0, L_000001eb6c953f10;  1 drivers
v000001eb6c9bcd70 .array/s "weights", 65535 0, 15 0;
v000001eb6c9bbbf0_0 .var "write_out_reg", 0 0;
L_000001eb6ca1b190 .part v000001eb6c9bd590_0, 15, 1;
L_000001eb6ca19cf0 .part v000001eb6c9bd590_0, 3, 13;
L_000001eb6ca20f30 .extend/s 16, L_000001eb6ca19cf0;
L_000001eb6ca21570 .functor MUXZ 16, v000001eb6c9bd590_0, L_000001eb6ca20f30, L_000001eb6ca1b190, C4<>;
L_000001eb6ca20df0 .concat [ 9 23 0 0], v000001eb6c9bbdd0_0, L_000001eb6c9c1990;
L_000001eb6ca20e90 .arith/sub 32, L_000001eb6c9c1948, L_000001eb6ca20df0;
L_000001eb6ca1ff90 .arith/mult 32, L_000001eb6ca20e90, L_000001eb6c9c19d8;
L_000001eb6ca1fc70 .part/v v000001eb6c9aa990_0, L_000001eb6ca1ff90, 16;
L_000001eb6ca200d0 .array/port v000001eb6c9bcd70, L_000001eb6ca20cb0;
L_000001eb6ca20850 .concat [ 9 23 0 0], v000001eb6c9bbb50_0, L_000001eb6c9c1a20;
L_000001eb6ca20c10 .arith/mult 32, L_000001eb6ca20850, L_000001eb6c9c1a68;
L_000001eb6ca214d0 .concat [ 9 23 0 0], v000001eb6c9bbdd0_0, L_000001eb6c9c1ab0;
L_000001eb6ca20cb0 .arith/sum 32, L_000001eb6ca20c10, L_000001eb6ca214d0;
L_000001eb6ca1f950 .extend/s 32, L_000001eb6ca1fc70;
L_000001eb6ca1fb30 .extend/s 32, L_000001eb6c953f10;
L_000001eb6ca1fd10 .arith/mult 32, L_000001eb6ca1f950, L_000001eb6ca1fb30;
S_000001eb6c7fd090 .scope module, "l3gen" "layer3_generator_v2" 8 64, 11 12 0, S_000001eb6c7e2d20;
 .timescale -9 -12;
    .port_info 0 /INPUT 1 "clk";
    .port_info 1 /INPUT 1 "rst";
    .port_info 2 /INPUT 1 "start";
    .port_info 3 /INPUT 4096 "flat_input";
    .port_info 4 /OUTPUT 12544 "flat_output";
    .port_info 5 /OUTPUT 1 "done";
P_000001eb6c785a70 .param/l "TOTAL_INPUTS" 1 11 28, +C4<00000000000000000000000100000000>;
P_000001eb6c785aa8 .param/l "TOTAL_NEURONS" 1 11 27, +C4<00000000000000000000001100010000>;
v000001eb6c9bd6d0_0 .net/s *"_ivl_0", 31 0, L_000001eb6ca20ad0;  1 drivers
v000001eb6c9bcb90_0 .net/s *"_ivl_2", 31 0, L_000001eb6ca20530;  1 drivers
v000001eb6c9bccd0_0 .var/s "acc_out_reg", 15 0;
v000001eb6c9bd310_0 .var/s "accumulator", 47 0;
v000001eb6c9bbe70 .array/s "biases", 783 0, 15 0;
v000001eb6c9bd1d0_0 .var "busy", 0 0;
v000001eb6c9bbf10_0 .net "clk", 0 0, o000001eb6c957a48;  alias, 0 drivers
v000001eb6c9bbfb0_0 .var/s "current_bias", 15 0;
v000001eb6c9bce10_0 .var/s "current_input", 15 0;
v000001eb6c9bbc90_0 .var/s "current_weight", 15 0;
v000001eb6c9bcf50_0 .var "done", 0 0;
v000001eb6c9bc190_0 .net/s "flat_input", 4095 0, v000001eb6c9bc230_0;  alias, 1 drivers
v000001eb6c9bc550_0 .var/s "flat_output", 12543 0;
v000001eb6c9bb830_0 .var "input_idx", 8 0;
v000001eb6c9bc050_0 .var/i "memfile", 31 0;
v000001eb6c9bc370_0 .var "neuron_idx", 9 0;
v000001eb6c9bd3b0_0 .var "neuron_idx_out_reg", 9 0;
v000001eb6c9bd630_0 .var "output_written", 0 0;
v000001eb6c9bc0f0_0 .var "pipeline_valid", 0 0;
v000001eb6c9bc2d0_0 .net/s "product", 31 0, L_000001eb6ca20350;  1 drivers
v000001eb6c9bd4f0_0 .net "rst", 0 0, o000001eb6c957c28;  alias, 0 drivers
v000001eb6c9bc4b0_0 .net "start", 0 0, v000001eb6c9c03d0_0;  1 drivers
v000001eb6c9bb8d0 .array/s "weights", 200703 0, 15 0;
v000001eb6c9bcff0_0 .var "write_output_reg", 0 0;
L_000001eb6ca20ad0 .extend/s 32, v000001eb6c9bce10_0;
L_000001eb6ca20530 .extend/s 32, v000001eb6c9bbc90_0;
L_000001eb6ca20350 .arith/mult 32, L_000001eb6ca20ad0, L_000001eb6ca20530;
S_000001eb6c9bd840 .scope begin, "$ivl_for_loop0" "$ivl_for_loop0" 11 131, 11 131 0, S_000001eb6c7fd090;
 .timescale -9 -12;
v000001eb6c9bc410_0 .var/i "j", 31 0;
S_000001eb6c9bdcf0 .scope module, "regin" "serialregisterIn" 8 37, 12 6 0, S_000001eb6c7e2d20;
 .timescale -9 -12;
    .port_info 0 /INPUT 1 "clk";
    .port_info 1 /INPUT 1 "rst";
    .port_info 2 /INPUT 1 "en";
    .port_info 3 /INPUT 16 "din";
    .port_info 4 /OUTPUT 1 "done";
    .port_info 5 /INPUT 6 "rd_addr";
    .port_info 6 /OUTPUT 16 "dout";
P_000001eb6c785af0 .param/l "DATA_WIDTH" 0 12 7, +C4<00000000000000000000000000010000>;
P_000001eb6c785b28 .param/l "DEPTH" 0 12 8, +C4<00000000000000000000000001000000>;
v000001eb6c9bba10_0 .net "clk", 0 0, o000001eb6c957a48;  alias, 0 drivers
v000001eb6c9bc730_0 .var "count", 6 0;
v000001eb6c9bc7d0_0 .net "din", 15 0, v000001eb6c9bf7f0_0;  1 drivers
v000001eb6c9bc910_0 .var "done", 0 0;
v000001eb6c9bd090_0 .var "dout", 15 0;
v000001eb6c9bc9b0_0 .net "en", 0 0, v000001eb6c9c0510_0;  1 drivers
v000001eb6c9bca50 .array "mem", 63 0, 15 0;
v000001eb6c9bcaf0_0 .net "rd_addr", 5 0, o000001eb6c9596f8;  alias, 0 drivers
v000001eb6c9bfc50_0 .net "rst", 0 0, o000001eb6c957c28;  alias, 0 drivers
E_000001eb6c91ed70/0 .event anyedge, v000001eb6c9bcaf0_0, v000001eb6c9bca50_0, v000001eb6c9bca50_1, v000001eb6c9bca50_2;
E_000001eb6c91ed70/1 .event anyedge, v000001eb6c9bca50_3, v000001eb6c9bca50_4, v000001eb6c9bca50_5, v000001eb6c9bca50_6;
E_000001eb6c91ed70/2 .event anyedge, v000001eb6c9bca50_7, v000001eb6c9bca50_8, v000001eb6c9bca50_9, v000001eb6c9bca50_10;
E_000001eb6c91ed70/3 .event anyedge, v000001eb6c9bca50_11, v000001eb6c9bca50_12, v000001eb6c9bca50_13, v000001eb6c9bca50_14;
E_000001eb6c91ed70/4 .event anyedge, v000001eb6c9bca50_15, v000001eb6c9bca50_16, v000001eb6c9bca50_17, v000001eb6c9bca50_18;
E_000001eb6c91ed70/5 .event anyedge, v000001eb6c9bca50_19, v000001eb6c9bca50_20, v000001eb6c9bca50_21, v000001eb6c9bca50_22;
E_000001eb6c91ed70/6 .event anyedge, v000001eb6c9bca50_23, v000001eb6c9bca50_24, v000001eb6c9bca50_25, v000001eb6c9bca50_26;
E_000001eb6c91ed70/7 .event anyedge, v000001eb6c9bca50_27, v000001eb6c9bca50_28, v000001eb6c9bca50_29, v000001eb6c9bca50_30;
E_000001eb6c91ed70/8 .event anyedge, v000001eb6c9bca50_31, v000001eb6c9bca50_32, v000001eb6c9bca50_33, v000001eb6c9bca50_34;
E_000001eb6c91ed70/9 .event anyedge, v000001eb6c9bca50_35, v000001eb6c9bca50_36, v000001eb6c9bca50_37, v000001eb6c9bca50_38;
E_000001eb6c91ed70/10 .event anyedge, v000001eb6c9bca50_39, v000001eb6c9bca50_40, v000001eb6c9bca50_41, v000001eb6c9bca50_42;
E_000001eb6c91ed70/11 .event anyedge, v000001eb6c9bca50_43, v000001eb6c9bca50_44, v000001eb6c9bca50_45, v000001eb6c9bca50_46;
E_000001eb6c91ed70/12 .event anyedge, v000001eb6c9bca50_47, v000001eb6c9bca50_48, v000001eb6c9bca50_49, v000001eb6c9bca50_50;
E_000001eb6c91ed70/13 .event anyedge, v000001eb6c9bca50_51, v000001eb6c9bca50_52, v000001eb6c9bca50_53, v000001eb6c9bca50_54;
E_000001eb6c91ed70/14 .event anyedge, v000001eb6c9bca50_55, v000001eb6c9bca50_56, v000001eb6c9bca50_57, v000001eb6c9bca50_58;
E_000001eb6c91ed70/15 .event anyedge, v000001eb6c9bca50_59, v000001eb6c9bca50_60, v000001eb6c9bca50_61, v000001eb6c9bca50_62;
E_000001eb6c91ed70/16 .event anyedge, v000001eb6c9bca50_63;
E_000001eb6c91ed70 .event/or E_000001eb6c91ed70/0, E_000001eb6c91ed70/1, E_000001eb6c91ed70/2, E_000001eb6c91ed70/3, E_000001eb6c91ed70/4, E_000001eb6c91ed70/5, E_000001eb6c91ed70/6, E_000001eb6c91ed70/7, E_000001eb6c91ed70/8, E_000001eb6c91ed70/9, E_000001eb6c91ed70/10, E_000001eb6c91ed70/11, E_000001eb6c91ed70/12, E_000001eb6c91ed70/13, E_000001eb6c91ed70/14, E_000001eb6c91ed70/15, E_000001eb6c91ed70/16;
S_000001eb6c9be650 .scope module, "regout" "serialregisterOut" 8 75, 13 6 0, S_000001eb6c7e2d20;
 .timescale -9 -12;
    .port_info 0 /INPUT 1 "clk";
    .port_info 1 /INPUT 1 "rst";
    .port_info 2 /INPUT 1 "en";
    .port_info 3 /INPUT 1 "wr_en";
    .port_info 4 /INPUT 10 "wr_addr";
    .port_info 5 /INPUT 16 "din";
    .port_info 6 /OUTPUT 16 "dout";
    .port_info 7 /OUTPUT 1 "done";
P_000001eb6c785cf0 .param/l "DATA_WIDTH" 0 13 7, +C4<00000000000000000000000000010000>;
P_000001eb6c785d28 .param/l "DEPTH" 0 13 8, +C4<00000000000000000000001100010000>;
v000001eb6c9c0470_0 .net "clk", 0 0, o000001eb6c957a48;  alias, 0 drivers
v000001eb6c9bf9d0_0 .var "count", 10 0;
v000001eb6c9be990_0 .net "din", 15 0, v000001eb6c9bf570_0;  1 drivers
v000001eb6c9c0010_0 .var "done", 0 0;
v000001eb6c9bf6b0_0 .var "dout", 15 0;
v000001eb6c9bf390_0 .net "en", 0 0, v000001eb6c9bfa70_0;  1 drivers
v000001eb6c9c00b0 .array "mem", 783 0, 15 0;
v000001eb6c9bf750_0 .net "rst", 0 0, o000001eb6c957c28;  alias, 0 drivers
v000001eb6c9c0650_0 .net "wr_addr", 9 0, v000001eb6c9be850_0;  1 drivers
v000001eb6c9bf890_0 .net "wr_en", 0 0, v000001eb6c9bfb10_0;  1 drivers
    .scope S_000001eb6c7e2eb0;
T_0 ;
    %wait E_000001eb6c91d370;
    %load/vec4 v000001eb6c906c20_0;
    %cmpi/s 32767, 0, 32;
    %flag_or 5, 4; GT is !LE
    %flag_inv 5;
    %jmp/0xz  T_0.0, 5;
    %pushi/vec4 32767, 0, 16;
    %store/vec4 v000001eb6c906cc0_0, 0, 16;
    %jmp T_0.1;
T_0.0 ;
    %load/vec4 v000001eb6c906c20_0;
    %cmpi/s 4294934528, 0, 32;
    %jmp/0xz  T_0.2, 5;
    %pushi/vec4 32768, 0, 16;
    %store/vec4 v000001eb6c906cc0_0, 0, 16;
    %jmp T_0.3;
T_0.2 ;
    %load/vec4 v000001eb6c906c20_0;
    %parti/s 16, 0, 2;
    %store/vec4 v000001eb6c906cc0_0, 0, 16;
T_0.3 ;
T_0.1 ;
    %jmp T_0;
    .thread T_0, $push;
    .scope S_000001eb6c947060;
T_1 ;
    %wait E_000001eb6c91e970;
    %load/vec4 v000001eb6c906040_0;
    %cmpi/s 32767, 0, 32;
    %flag_or 5, 4; GT is !LE
    %flag_inv 5;
    %jmp/0xz  T_1.0, 5;
    %pushi/vec4 32767, 0, 16;
    %store/vec4 v000001eb6c9065e0_0, 0, 16;
    %jmp T_1.1;
T_1.0 ;
    %load/vec4 v000001eb6c906040_0;
    %cmpi/s 4294934528, 0, 32;
    %jmp/0xz  T_1.2, 5;
    %pushi/vec4 32768, 0, 16;
    %store/vec4 v000001eb6c9065e0_0, 0, 16;
    %jmp T_1.3;
T_1.2 ;
    %load/vec4 v000001eb6c906040_0;
    %parti/s 16, 0, 2;
    %store/vec4 v000001eb6c9065e0_0, 0, 16;
T_1.3 ;
T_1.1 ;
    %jmp T_1;
    .thread T_1, $push;
    .scope S_000001eb6c9471f0;
T_2 ;
    %wait E_000001eb6c91edf0;
    %load/vec4 v000001eb6c905320_0;
    %cmpi/s 32767, 0, 32;
    %flag_or 5, 4; GT is !LE
    %flag_inv 5;
    %jmp/0xz  T_2.0, 5;
    %pushi/vec4 32767, 0, 16;
    %store/vec4 v000001eb6c905460_0, 0, 16;
    %jmp T_2.1;
T_2.0 ;
    %load/vec4 v000001eb6c905320_0;
    %cmpi/s 4294934528, 0, 32;
    %jmp/0xz  T_2.2, 5;
    %pushi/vec4 32768, 0, 16;
    %store/vec4 v000001eb6c905460_0, 0, 16;
    %jmp T_2.3;
T_2.2 ;
    %load/vec4 v000001eb6c905320_0;
    %parti/s 16, 0, 2;
    %store/vec4 v000001eb6c905460_0, 0, 16;
T_2.3 ;
T_2.1 ;
    %jmp T_2;
    .thread T_2, $push;
    .scope S_000001eb6c7ae200;
T_3 ;
    %wait E_000001eb6c91eb70;
    %load/vec4 v000001eb6c9a6010_0;
    %cmpi/s 32767, 0, 32;
    %flag_or 5, 4; GT is !LE
    %flag_inv 5;
    %jmp/0xz  T_3.0, 5;
    %pushi/vec4 32767, 0, 16;
    %store/vec4 v000001eb6c9a6150_0, 0, 16;
    %jmp T_3.1;
T_3.0 ;
    %load/vec4 v000001eb6c9a6010_0;
    %cmpi/s 4294934528, 0, 32;
    %jmp/0xz  T_3.2, 5;
    %pushi/vec4 32768, 0, 16;
    %store/vec4 v000001eb6c9a6150_0, 0, 16;
    %jmp T_3.3;
T_3.2 ;
    %load/vec4 v000001eb6c9a6010_0;
    %parti/s 16, 0, 2;
    %store/vec4 v000001eb6c9a6150_0, 0, 16;
T_3.3 ;
T_3.1 ;
    %jmp T_3;
    .thread T_3, $push;
    .scope S_000001eb6c7ae390;
T_4 ;
    %wait E_000001eb6c91ec70;
    %load/vec4 v000001eb6c9a6330_0;
    %cmpi/s 32767, 0, 32;
    %flag_or 5, 4; GT is !LE
    %flag_inv 5;
    %jmp/0xz  T_4.0, 5;
    %pushi/vec4 32767, 0, 16;
    %store/vec4 v000001eb6c9a6a10_0, 0, 16;
    %jmp T_4.1;
T_4.0 ;
    %load/vec4 v000001eb6c9a6330_0;
    %cmpi/s 4294934528, 0, 32;
    %jmp/0xz  T_4.2, 5;
    %pushi/vec4 32768, 0, 16;
    %store/vec4 v000001eb6c9a6a10_0, 0, 16;
    %jmp T_4.3;
T_4.2 ;
    %load/vec4 v000001eb6c9a6330_0;
    %parti/s 16, 0, 2;
    %store/vec4 v000001eb6c9a6a10_0, 0, 16;
T_4.3 ;
T_4.1 ;
    %jmp T_4;
    .thread T_4, $push;
    .scope S_000001eb6c8cd110;
T_5 ;
    %wait E_000001eb6c91e630;
    %load/vec4 v000001eb6c9a59d0_0;
    %cmpi/s 32767, 0, 32;
    %flag_or 5, 4; GT is !LE
    %flag_inv 5;
    %jmp/0xz  T_5.0, 5;
    %pushi/vec4 32767, 0, 16;
    %store/vec4 v000001eb6c9a70f0_0, 0, 16;
    %jmp T_5.1;
T_5.0 ;
    %load/vec4 v000001eb6c9a59d0_0;
    %cmpi/s 4294934528, 0, 32;
    %jmp/0xz  T_5.2, 5;
    %pushi/vec4 32768, 0, 16;
    %store/vec4 v000001eb6c9a70f0_0, 0, 16;
    %jmp T_5.3;
T_5.2 ;
    %load/vec4 v000001eb6c9a59d0_0;
    %parti/s 16, 0, 2;
    %store/vec4 v000001eb6c9a70f0_0, 0, 16;
T_5.3 ;
T_5.1 ;
    %jmp T_5;
    .thread T_5, $push;
    .scope S_000001eb6c8cd2a0;
T_6 ;
    %wait E_000001eb6c91e730;
    %load/vec4 v000001eb6c9a6650_0;
    %cmpi/s 32767, 0, 32;
    %flag_or 5, 4; GT is !LE
    %flag_inv 5;
    %jmp/0xz  T_6.0, 5;
    %pushi/vec4 32767, 0, 16;
    %store/vec4 v000001eb6c9a65b0_0, 0, 16;
    %jmp T_6.1;
T_6.0 ;
    %load/vec4 v000001eb6c9a6650_0;
    %cmpi/s 4294934528, 0, 32;
    %jmp/0xz  T_6.2, 5;
    %pushi/vec4 32768, 0, 16;
    %store/vec4 v000001eb6c9a65b0_0, 0, 16;
    %jmp T_6.3;
T_6.2 ;
    %load/vec4 v000001eb6c9a6650_0;
    %parti/s 16, 0, 2;
    %store/vec4 v000001eb6c9a65b0_0, 0, 16;
T_6.3 ;
T_6.1 ;
    %jmp T_6;
    .thread T_6, $push;
    .scope S_000001eb6c7ab330;
T_7 ;
    %wait E_000001eb6c91ec30;
    %load/vec4 v000001eb6c9a7690_0;
    %cmpi/s 32767, 0, 32;
    %flag_or 5, 4; GT is !LE
    %flag_inv 5;
    %jmp/0xz  T_7.0, 5;
    %pushi/vec4 32767, 0, 16;
    %store/vec4 v000001eb6c9a7370_0, 0, 16;
    %jmp T_7.1;
T_7.0 ;
    %load/vec4 v000001eb6c9a7690_0;
    %cmpi/s 4294934528, 0, 32;
    %jmp/0xz  T_7.2, 5;
    %pushi/vec4 32768, 0, 16;
    %store/vec4 v000001eb6c9a7370_0, 0, 16;
    %jmp T_7.3;
T_7.2 ;
    %load/vec4 v000001eb6c9a7690_0;
    %parti/s 16, 0, 2;
    %store/vec4 v000001eb6c9a7370_0, 0, 16;
T_7.3 ;
T_7.1 ;
    %jmp T_7;
    .thread T_7, $push;
    .scope S_000001eb6c7a9030;
T_8 ;
    %wait E_000001eb6c91e4f0;
    %load/vec4 v000001eb6c9a8980_0;
    %flag_set/vec4 8;
    %jmp/0xz  T_8.0, 8;
    %pushi/vec4 0, 0, 1;
    %assign/vec4 v000001eb6c9a8a20_0, 0;
    %pushi/vec4 0, 0, 1;
    %assign/vec4 v000001eb6c9a9100_0, 0;
    %pushi/vec4 0, 0, 1;
    %assign/vec4 v000001eb6c9a8d40_0, 0;
    %pushi/vec4 0, 0, 1;
    %assign/vec4 v000001eb6c9a88e0_0, 0;
    %pushi/vec4 0, 0, 1;
    %assign/vec4 v000001eb6c9a7ee0_0, 0;
    %pushi/vec4 0, 0, 1;
    %assign/vec4 v000001eb6c9a91a0_0, 0;
    %pushi/vec4 0, 0, 1;
    %assign/vec4 v000001eb6c9a7f80_0, 0;
    %pushi/vec4 0, 0, 1;
    %assign/vec4 v000001eb6c9a8020_0, 0;
    %pushi/vec4 0, 0, 16;
    %assign/vec4 v000001eb6c9a9600_0, 0;
    %pushi/vec4 0, 0, 32;
    %assign/vec4 v000001eb6c9ab250_0, 0;
    %jmp T_8.1;
T_8.0 ;
    %load/vec4 v000001eb6c9a9950_0;
    %flag_set/vec4 8;
    %jmp/0xz  T_8.2, 8;
    %load/vec4 v000001eb6c9a7bc0_0;
    %parti/s 16, 0, 2;
    %ix/load 3, 0, 0;
    %flag_set/imm 4, 0;
    %ix/load 4, 0, 0; Constant delay
    %assign/vec4/a/d v000001eb6c9a9240, 0, 4;
    %load/vec4 v000001eb6c9a7e40_0;
    %parti/s 16, 0, 2;
    %ix/load 3, 0, 0;
    %flag_set/imm 4, 0;
    %ix/load 4, 0, 0; Constant delay
    %assign/vec4/a/d v000001eb6c9a80c0, 0, 4;
    %load/vec4 v000001eb6c9a7bc0_0;
    %parti/s 16, 16, 6;
    %ix/load 3, 1, 0;
    %flag_set/imm 4, 0;
    %ix/load 4, 0, 0; Constant delay
    %assign/vec4/a/d v000001eb6c9a9240, 0, 4;
    %load/vec4 v000001eb6c9a7e40_0;
    %parti/s 16, 16, 6;
    %ix/load 3, 1, 0;
    %flag_set/imm 4, 0;
    %ix/load 4, 0, 0; Constant delay
    %assign/vec4/a/d v000001eb6c9a80c0, 0, 4;
    %load/vec4 v000001eb6c9a7bc0_0;
    %parti/s 16, 32, 7;
    %ix/load 3, 2, 0;
    %flag_set/imm 4, 0;
    %ix/load 4, 0, 0; Constant delay
    %assign/vec4/a/d v000001eb6c9a9240, 0, 4;
    %load/vec4 v000001eb6c9a7e40_0;
    %parti/s 16, 32, 7;
    %ix/load 3, 2, 0;
    %flag_set/imm 4, 0;
    %ix/load 4, 0, 0; Constant delay
    %assign/vec4/a/d v000001eb6c9a80c0, 0, 4;
    %load/vec4 v000001eb6c9a7bc0_0;
    %parti/s 16, 48, 7;
    %ix/load 3, 3, 0;
    %flag_set/imm 4, 0;
    %ix/load 4, 0, 0; Constant delay
    %assign/vec4/a/d v000001eb6c9a9240, 0, 4;
    %load/vec4 v000001eb6c9a7e40_0;
    %parti/s 16, 48, 7;
    %ix/load 3, 3, 0;
    %flag_set/imm 4, 0;
    %ix/load 4, 0, 0; Constant delay
    %assign/vec4/a/d v000001eb6c9a80c0, 0, 4;
    %load/vec4 v000001eb6c9a7bc0_0;
    %parti/s 16, 64, 8;
    %ix/load 3, 4, 0;
    %flag_set/imm 4, 0;
    %ix/load 4, 0, 0; Constant delay
    %assign/vec4/a/d v000001eb6c9a9240, 0, 4;
    %load/vec4 v000001eb6c9a7e40_0;
    %parti/s 16, 64, 8;
    %ix/load 3, 4, 0;
    %flag_set/imm 4, 0;
    %ix/load 4, 0, 0; Constant delay
    %assign/vec4/a/d v000001eb6c9a80c0, 0, 4;
    %load/vec4 v000001eb6c9a7bc0_0;
    %parti/s 16, 80, 8;
    %ix/load 3, 5, 0;
    %flag_set/imm 4, 0;
    %ix/load 4, 0, 0; Constant delay
    %assign/vec4/a/d v000001eb6c9a9240, 0, 4;
    %load/vec4 v000001eb6c9a7e40_0;
    %parti/s 16, 80, 8;
    %ix/load 3, 5, 0;
    %flag_set/imm 4, 0;
    %ix/load 4, 0, 0; Constant delay
    %assign/vec4/a/d v000001eb6c9a80c0, 0, 4;
    %load/vec4 v000001eb6c9a7bc0_0;
    %parti/s 16, 96, 8;
    %ix/load 3, 6, 0;
    %flag_set/imm 4, 0;
    %ix/load 4, 0, 0; Constant delay
    %assign/vec4/a/d v000001eb6c9a9240, 0, 4;
    %load/vec4 v000001eb6c9a7e40_0;
    %parti/s 16, 96, 8;
    %ix/load 3, 6, 0;
    %flag_set/imm 4, 0;
    %ix/load 4, 0, 0; Constant delay
    %assign/vec4/a/d v000001eb6c9a80c0, 0, 4;
    %load/vec4 v000001eb6c9a7bc0_0;
    %parti/s 16, 112, 8;
    %ix/load 3, 7, 0;
    %flag_set/imm 4, 0;
    %ix/load 4, 0, 0; Constant delay
    %assign/vec4/a/d v000001eb6c9a9240, 0, 4;
    %load/vec4 v000001eb6c9a7e40_0;
    %parti/s 16, 112, 8;
    %ix/load 3, 7, 0;
    %flag_set/imm 4, 0;
    %ix/load 4, 0, 0; Constant delay
    %assign/vec4/a/d v000001eb6c9a80c0, 0, 4;
    %load/vec4 v000001eb6c9a7bc0_0;
    %parti/s 16, 128, 9;
    %ix/load 3, 8, 0;
    %flag_set/imm 4, 0;
    %ix/load 4, 0, 0; Constant delay
    %assign/vec4/a/d v000001eb6c9a9240, 0, 4;
    %load/vec4 v000001eb6c9a7e40_0;
    %parti/s 16, 128, 9;
    %ix/load 3, 8, 0;
    %flag_set/imm 4, 0;
    %ix/load 4, 0, 0; Constant delay
    %assign/vec4/a/d v000001eb6c9a80c0, 0, 4;
    %load/vec4 v000001eb6c9a7bc0_0;
    %parti/s 16, 144, 9;
    %ix/load 3, 9, 0;
    %flag_set/imm 4, 0;
    %ix/load 4, 0, 0; Constant delay
    %assign/vec4/a/d v000001eb6c9a9240, 0, 4;
    %load/vec4 v000001eb6c9a7e40_0;
    %parti/s 16, 144, 9;
    %ix/load 3, 9, 0;
    %flag_set/imm 4, 0;
    %ix/load 4, 0, 0; Constant delay
    %assign/vec4/a/d v000001eb6c9a80c0, 0, 4;
    %load/vec4 v000001eb6c9a7bc0_0;
    %parti/s 16, 160, 9;
    %ix/load 3, 10, 0;
    %flag_set/imm 4, 0;
    %ix/load 4, 0, 0; Constant delay
    %assign/vec4/a/d v000001eb6c9a9240, 0, 4;
    %load/vec4 v000001eb6c9a7e40_0;
    %parti/s 16, 160, 9;
    %ix/load 3, 10, 0;
    %flag_set/imm 4, 0;
    %ix/load 4, 0, 0; Constant delay
    %assign/vec4/a/d v000001eb6c9a80c0, 0, 4;
    %load/vec4 v000001eb6c9a7bc0_0;
    %parti/s 16, 176, 9;
    %ix/load 3, 11, 0;
    %flag_set/imm 4, 0;
    %ix/load 4, 0, 0; Constant delay
    %assign/vec4/a/d v000001eb6c9a9240, 0, 4;
    %load/vec4 v000001eb6c9a7e40_0;
    %parti/s 16, 176, 9;
    %ix/load 3, 11, 0;
    %flag_set/imm 4, 0;
    %ix/load 4, 0, 0; Constant delay
    %assign/vec4/a/d v000001eb6c9a80c0, 0, 4;
    %load/vec4 v000001eb6c9a7bc0_0;
    %parti/s 16, 192, 9;
    %ix/load 3, 12, 0;
    %flag_set/imm 4, 0;
    %ix/load 4, 0, 0; Constant delay
    %assign/vec4/a/d v000001eb6c9a9240, 0, 4;
    %load/vec4 v000001eb6c9a7e40_0;
    %parti/s 16, 192, 9;
    %ix/load 3, 12, 0;
    %flag_set/imm 4, 0;
    %ix/load 4, 0, 0; Constant delay
    %assign/vec4/a/d v000001eb6c9a80c0, 0, 4;
    %load/vec4 v000001eb6c9a7bc0_0;
    %parti/s 16, 208, 9;
    %ix/load 3, 13, 0;
    %flag_set/imm 4, 0;
    %ix/load 4, 0, 0; Constant delay
    %assign/vec4/a/d v000001eb6c9a9240, 0, 4;
    %load/vec4 v000001eb6c9a7e40_0;
    %parti/s 16, 208, 9;
    %ix/load 3, 13, 0;
    %flag_set/imm 4, 0;
    %ix/load 4, 0, 0; Constant delay
    %assign/vec4/a/d v000001eb6c9a80c0, 0, 4;
    %load/vec4 v000001eb6c9a7bc0_0;
    %parti/s 16, 224, 9;
    %ix/load 3, 14, 0;
    %flag_set/imm 4, 0;
    %ix/load 4, 0, 0; Constant delay
    %assign/vec4/a/d v000001eb6c9a9240, 0, 4;
    %load/vec4 v000001eb6c9a7e40_0;
    %parti/s 16, 224, 9;
    %ix/load 3, 14, 0;
    %flag_set/imm 4, 0;
    %ix/load 4, 0, 0; Constant delay
    %assign/vec4/a/d v000001eb6c9a80c0, 0, 4;
    %load/vec4 v000001eb6c9a7bc0_0;
    %parti/s 16, 240, 9;
    %ix/load 3, 15, 0;
    %flag_set/imm 4, 0;
    %ix/load 4, 0, 0; Constant delay
    %assign/vec4/a/d v000001eb6c9a9240, 0, 4;
    %load/vec4 v000001eb6c9a7e40_0;
    %parti/s 16, 240, 9;
    %ix/load 3, 15, 0;
    %flag_set/imm 4, 0;
    %ix/load 4, 0, 0; Constant delay
    %assign/vec4/a/d v000001eb6c9a80c0, 0, 4;
    %load/vec4 v000001eb6c9a7bc0_0;
    %parti/s 16, 256, 10;
    %ix/load 3, 16, 0;
    %flag_set/imm 4, 0;
    %ix/load 4, 0, 0; Constant delay
    %assign/vec4/a/d v000001eb6c9a9240, 0, 4;
    %load/vec4 v000001eb6c9a7e40_0;
    %parti/s 16, 256, 10;
    %ix/load 3, 16, 0;
    %flag_set/imm 4, 0;
    %ix/load 4, 0, 0; Constant delay
    %assign/vec4/a/d v000001eb6c9a80c0, 0, 4;
    %load/vec4 v000001eb6c9a7bc0_0;
    %parti/s 16, 272, 10;
    %ix/load 3, 17, 0;
    %flag_set/imm 4, 0;
    %ix/load 4, 0, 0; Constant delay
    %assign/vec4/a/d v000001eb6c9a9240, 0, 4;
    %load/vec4 v000001eb6c9a7e40_0;
    %parti/s 16, 272, 10;
    %ix/load 3, 17, 0;
    %flag_set/imm 4, 0;
    %ix/load 4, 0, 0; Constant delay
    %assign/vec4/a/d v000001eb6c9a80c0, 0, 4;
    %load/vec4 v000001eb6c9a7bc0_0;
    %parti/s 16, 288, 10;
    %ix/load 3, 18, 0;
    %flag_set/imm 4, 0;
    %ix/load 4, 0, 0; Constant delay
    %assign/vec4/a/d v000001eb6c9a9240, 0, 4;
    %load/vec4 v000001eb6c9a7e40_0;
    %parti/s 16, 288, 10;
    %ix/load 3, 18, 0;
    %flag_set/imm 4, 0;
    %ix/load 4, 0, 0; Constant delay
    %assign/vec4/a/d v000001eb6c9a80c0, 0, 4;
    %load/vec4 v000001eb6c9a7bc0_0;
    %parti/s 16, 304, 10;
    %ix/load 3, 19, 0;
    %flag_set/imm 4, 0;
    %ix/load 4, 0, 0; Constant delay
    %assign/vec4/a/d v000001eb6c9a9240, 0, 4;
    %load/vec4 v000001eb6c9a7e40_0;
    %parti/s 16, 304, 10;
    %ix/load 3, 19, 0;
    %flag_set/imm 4, 0;
    %ix/load 4, 0, 0; Constant delay
    %assign/vec4/a/d v000001eb6c9a80c0, 0, 4;
    %load/vec4 v000001eb6c9a7bc0_0;
    %parti/s 16, 320, 10;
    %ix/load 3, 20, 0;
    %flag_set/imm 4, 0;
    %ix/load 4, 0, 0; Constant delay
    %assign/vec4/a/d v000001eb6c9a9240, 0, 4;
    %load/vec4 v000001eb6c9a7e40_0;
    %parti/s 16, 320, 10;
    %ix/load 3, 20, 0;
    %flag_set/imm 4, 0;
    %ix/load 4, 0, 0; Constant delay
    %assign/vec4/a/d v000001eb6c9a80c0, 0, 4;
    %load/vec4 v000001eb6c9a7bc0_0;
    %parti/s 16, 336, 10;
    %ix/load 3, 21, 0;
    %flag_set/imm 4, 0;
    %ix/load 4, 0, 0; Constant delay
    %assign/vec4/a/d v000001eb6c9a9240, 0, 4;
    %load/vec4 v000001eb6c9a7e40_0;
    %parti/s 16, 336, 10;
    %ix/load 3, 21, 0;
    %flag_set/imm 4, 0;
    %ix/load 4, 0, 0; Constant delay
    %assign/vec4/a/d v000001eb6c9a80c0, 0, 4;
    %load/vec4 v000001eb6c9a7bc0_0;
    %parti/s 16, 352, 10;
    %ix/load 3, 22, 0;
    %flag_set/imm 4, 0;
    %ix/load 4, 0, 0; Constant delay
    %assign/vec4/a/d v000001eb6c9a9240, 0, 4;
    %load/vec4 v000001eb6c9a7e40_0;
    %parti/s 16, 352, 10;
    %ix/load 3, 22, 0;
    %flag_set/imm 4, 0;
    %ix/load 4, 0, 0; Constant delay
    %assign/vec4/a/d v000001eb6c9a80c0, 0, 4;
    %load/vec4 v000001eb6c9a7bc0_0;
    %parti/s 16, 368, 10;
    %ix/load 3, 23, 0;
    %flag_set/imm 4, 0;
    %ix/load 4, 0, 0; Constant delay
    %assign/vec4/a/d v000001eb6c9a9240, 0, 4;
    %load/vec4 v000001eb6c9a7e40_0;
    %parti/s 16, 368, 10;
    %ix/load 3, 23, 0;
    %flag_set/imm 4, 0;
    %ix/load 4, 0, 0; Constant delay
    %assign/vec4/a/d v000001eb6c9a80c0, 0, 4;
    %load/vec4 v000001eb6c9a7bc0_0;
    %parti/s 16, 384, 10;
    %ix/load 3, 24, 0;
    %flag_set/imm 4, 0;
    %ix/load 4, 0, 0; Constant delay
    %assign/vec4/a/d v000001eb6c9a9240, 0, 4;
    %load/vec4 v000001eb6c9a7e40_0;
    %parti/s 16, 384, 10;
    %ix/load 3, 24, 0;
    %flag_set/imm 4, 0;
    %ix/load 4, 0, 0; Constant delay
    %assign/vec4/a/d v000001eb6c9a80c0, 0, 4;
    %load/vec4 v000001eb6c9a7bc0_0;
    %parti/s 16, 400, 10;
    %ix/load 3, 25, 0;
    %flag_set/imm 4, 0;
    %ix/load 4, 0, 0; Constant delay
    %assign/vec4/a/d v000001eb6c9a9240, 0, 4;
    %load/vec4 v000001eb6c9a7e40_0;
    %parti/s 16, 400, 10;
    %ix/load 3, 25, 0;
    %flag_set/imm 4, 0;
    %ix/load 4, 0, 0; Constant delay
    %assign/vec4/a/d v000001eb6c9a80c0, 0, 4;
    %load/vec4 v000001eb6c9a7bc0_0;
    %parti/s 16, 416, 10;
    %ix/load 3, 26, 0;
    %flag_set/imm 4, 0;
    %ix/load 4, 0, 0; Constant delay
    %assign/vec4/a/d v000001eb6c9a9240, 0, 4;
    %load/vec4 v000001eb6c9a7e40_0;
    %parti/s 16, 416, 10;
    %ix/load 3, 26, 0;
    %flag_set/imm 4, 0;
    %ix/load 4, 0, 0; Constant delay
    %assign/vec4/a/d v000001eb6c9a80c0, 0, 4;
    %load/vec4 v000001eb6c9a7bc0_0;
    %parti/s 16, 432, 10;
    %ix/load 3, 27, 0;
    %flag_set/imm 4, 0;
    %ix/load 4, 0, 0; Constant delay
    %assign/vec4/a/d v000001eb6c9a9240, 0, 4;
    %load/vec4 v000001eb6c9a7e40_0;
    %parti/s 16, 432, 10;
    %ix/load 3, 27, 0;
    %flag_set/imm 4, 0;
    %ix/load 4, 0, 0; Constant delay
    %assign/vec4/a/d v000001eb6c9a80c0, 0, 4;
    %load/vec4 v000001eb6c9a7bc0_0;
    %parti/s 16, 448, 10;
    %ix/load 3, 28, 0;
    %flag_set/imm 4, 0;
    %ix/load 4, 0, 0; Constant delay
    %assign/vec4/a/d v000001eb6c9a9240, 0, 4;
    %load/vec4 v000001eb6c9a7e40_0;
    %parti/s 16, 448, 10;
    %ix/load 3, 28, 0;
    %flag_set/imm 4, 0;
    %ix/load 4, 0, 0; Constant delay
    %assign/vec4/a/d v000001eb6c9a80c0, 0, 4;
    %load/vec4 v000001eb6c9a7bc0_0;
    %parti/s 16, 464, 10;
    %ix/load 3, 29, 0;
    %flag_set/imm 4, 0;
    %ix/load 4, 0, 0; Constant delay
    %assign/vec4/a/d v000001eb6c9a9240, 0, 4;
    %load/vec4 v000001eb6c9a7e40_0;
    %parti/s 16, 464, 10;
    %ix/load 3, 29, 0;
    %flag_set/imm 4, 0;
    %ix/load 4, 0, 0; Constant delay
    %assign/vec4/a/d v000001eb6c9a80c0, 0, 4;
    %load/vec4 v000001eb6c9a7bc0_0;
    %parti/s 16, 480, 10;
    %ix/load 3, 30, 0;
    %flag_set/imm 4, 0;
    %ix/load 4, 0, 0; Constant delay
    %assign/vec4/a/d v000001eb6c9a9240, 0, 4;
    %load/vec4 v000001eb6c9a7e40_0;
    %parti/s 16, 480, 10;
    %ix/load 3, 30, 0;
    %flag_set/imm 4, 0;
    %ix/load 4, 0, 0; Constant delay
    %assign/vec4/a/d v000001eb6c9a80c0, 0, 4;
    %load/vec4 v000001eb6c9a7bc0_0;
    %parti/s 16, 496, 10;
    %ix/load 3, 31, 0;
    %flag_set/imm 4, 0;
    %ix/load 4, 0, 0; Constant delay
    %assign/vec4/a/d v000001eb6c9a9240, 0, 4;
    %load/vec4 v000001eb6c9a7e40_0;
    %parti/s 16, 496, 10;
    %ix/load 3, 31, 0;
    %flag_set/imm 4, 0;
    %ix/load 4, 0, 0; Constant delay
    %assign/vec4/a/d v000001eb6c9a80c0, 0, 4;
T_8.2 ;
    %load/vec4 v000001eb6c9a9950_0;
    %assign/vec4 v000001eb6c9a8a20_0, 0;
    %load/vec4 v000001eb6c9a8a20_0;
    %flag_set/vec4 8;
    %jmp/0xz  T_8.4, 8;
    %ix/load 4, 0, 0;
    %flag_set/imm 4, 0;
    %load/vec4a v000001eb6c9a9240, 4;
    %pad/s 32;
    %ix/load 4, 0, 0;
    %flag_set/imm 4, 0;
    %load/vec4a v000001eb6c9a80c0, 4;
    %pad/s 32;
    %mul;
    %ix/load 3, 0, 0;
    %flag_set/imm 4, 0;
    %ix/load 4, 0, 0; Constant delay
    %assign/vec4/a/d v000001eb6c9a9560, 0, 4;
    %ix/load 4, 1, 0;
    %flag_set/imm 4, 0;
    %load/vec4a v000001eb6c9a9240, 4;
    %pad/s 32;
    %ix/load 4, 1, 0;
    %flag_set/imm 4, 0;
    %load/vec4a v000001eb6c9a80c0, 4;
    %pad/s 32;
    %mul;
    %ix/load 3, 1, 0;
    %flag_set/imm 4, 0;
    %ix/load 4, 0, 0; Constant delay
    %assign/vec4/a/d v000001eb6c9a9560, 0, 4;
    %ix/load 4, 2, 0;
    %flag_set/imm 4, 0;
    %load/vec4a v000001eb6c9a9240, 4;
    %pad/s 32;
    %ix/load 4, 2, 0;
    %flag_set/imm 4, 0;
    %load/vec4a v000001eb6c9a80c0, 4;
    %pad/s 32;
    %mul;
    %ix/load 3, 2, 0;
    %flag_set/imm 4, 0;
    %ix/load 4, 0, 0; Constant delay
    %assign/vec4/a/d v000001eb6c9a9560, 0, 4;
    %ix/load 4, 3, 0;
    %flag_set/imm 4, 0;
    %load/vec4a v000001eb6c9a9240, 4;
    %pad/s 32;
    %ix/load 4, 3, 0;
    %flag_set/imm 4, 0;
    %load/vec4a v000001eb6c9a80c0, 4;
    %pad/s 32;
    %mul;
    %ix/load 3, 3, 0;
    %flag_set/imm 4, 0;
    %ix/load 4, 0, 0; Constant delay
    %assign/vec4/a/d v000001eb6c9a9560, 0, 4;
    %ix/load 4, 4, 0;
    %flag_set/imm 4, 0;
    %load/vec4a v000001eb6c9a9240, 4;
    %pad/s 32;
    %ix/load 4, 4, 0;
    %flag_set/imm 4, 0;
    %load/vec4a v000001eb6c9a80c0, 4;
    %pad/s 32;
    %mul;
    %ix/load 3, 4, 0;
    %flag_set/imm 4, 0;
    %ix/load 4, 0, 0; Constant delay
    %assign/vec4/a/d v000001eb6c9a9560, 0, 4;
    %ix/load 4, 5, 0;
    %flag_set/imm 4, 0;
    %load/vec4a v000001eb6c9a9240, 4;
    %pad/s 32;
    %ix/load 4, 5, 0;
    %flag_set/imm 4, 0;
    %load/vec4a v000001eb6c9a80c0, 4;
    %pad/s 32;
    %mul;
    %ix/load 3, 5, 0;
    %flag_set/imm 4, 0;
    %ix/load 4, 0, 0; Constant delay
    %assign/vec4/a/d v000001eb6c9a9560, 0, 4;
    %ix/load 4, 6, 0;
    %flag_set/imm 4, 0;
    %load/vec4a v000001eb6c9a9240, 4;
    %pad/s 32;
    %ix/load 4, 6, 0;
    %flag_set/imm 4, 0;
    %load/vec4a v000001eb6c9a80c0, 4;
    %pad/s 32;
    %mul;
    %ix/load 3, 6, 0;
    %flag_set/imm 4, 0;
    %ix/load 4, 0, 0; Constant delay
    %assign/vec4/a/d v000001eb6c9a9560, 0, 4;
    %ix/load 4, 7, 0;
    %flag_set/imm 4, 0;
    %load/vec4a v000001eb6c9a9240, 4;
    %pad/s 32;
    %ix/load 4, 7, 0;
    %flag_set/imm 4, 0;
    %load/vec4a v000001eb6c9a80c0, 4;
    %pad/s 32;
    %mul;
    %ix/load 3, 7, 0;
    %flag_set/imm 4, 0;
    %ix/load 4, 0, 0; Constant delay
    %assign/vec4/a/d v000001eb6c9a9560, 0, 4;
    %ix/load 4, 8, 0;
    %flag_set/imm 4, 0;
    %load/vec4a v000001eb6c9a9240, 4;
    %pad/s 32;
    %ix/load 4, 8, 0;
    %flag_set/imm 4, 0;
    %load/vec4a v000001eb6c9a80c0, 4;
    %pad/s 32;
    %mul;
    %ix/load 3, 8, 0;
    %flag_set/imm 4, 0;
    %ix/load 4, 0, 0; Constant delay
    %assign/vec4/a/d v000001eb6c9a9560, 0, 4;
    %ix/load 4, 9, 0;
    %flag_set/imm 4, 0;
    %load/vec4a v000001eb6c9a9240, 4;
    %pad/s 32;
    %ix/load 4, 9, 0;
    %flag_set/imm 4, 0;
    %load/vec4a v000001eb6c9a80c0, 4;
    %pad/s 32;
    %mul;
    %ix/load 3, 9, 0;
    %flag_set/imm 4, 0;
    %ix/load 4, 0, 0; Constant delay
    %assign/vec4/a/d v000001eb6c9a9560, 0, 4;
    %ix/load 4, 10, 0;
    %flag_set/imm 4, 0;
    %load/vec4a v000001eb6c9a9240, 4;
    %pad/s 32;
    %ix/load 4, 10, 0;
    %flag_set/imm 4, 0;
    %load/vec4a v000001eb6c9a80c0, 4;
    %pad/s 32;
    %mul;
    %ix/load 3, 10, 0;
    %flag_set/imm 4, 0;
    %ix/load 4, 0, 0; Constant delay
    %assign/vec4/a/d v000001eb6c9a9560, 0, 4;
    %ix/load 4, 11, 0;
    %flag_set/imm 4, 0;
    %load/vec4a v000001eb6c9a9240, 4;
    %pad/s 32;
    %ix/load 4, 11, 0;
    %flag_set/imm 4, 0;
    %load/vec4a v000001eb6c9a80c0, 4;
    %pad/s 32;
    %mul;
    %ix/load 3, 11, 0;
    %flag_set/imm 4, 0;
    %ix/load 4, 0, 0; Constant delay
    %assign/vec4/a/d v000001eb6c9a9560, 0, 4;
    %ix/load 4, 12, 0;
    %flag_set/imm 4, 0;
    %load/vec4a v000001eb6c9a9240, 4;
    %pad/s 32;
    %ix/load 4, 12, 0;
    %flag_set/imm 4, 0;
    %load/vec4a v000001eb6c9a80c0, 4;
    %pad/s 32;
    %mul;
    %ix/load 3, 12, 0;
    %flag_set/imm 4, 0;
    %ix/load 4, 0, 0; Constant delay
    %assign/vec4/a/d v000001eb6c9a9560, 0, 4;
    %ix/load 4, 13, 0;
    %flag_set/imm 4, 0;
    %load/vec4a v000001eb6c9a9240, 4;
    %pad/s 32;
    %ix/load 4, 13, 0;
    %flag_set/imm 4, 0;
    %load/vec4a v000001eb6c9a80c0, 4;
    %pad/s 32;
    %mul;
    %ix/load 3, 13, 0;
    %flag_set/imm 4, 0;
    %ix/load 4, 0, 0; Constant delay
    %assign/vec4/a/d v000001eb6c9a9560, 0, 4;
    %ix/load 4, 14, 0;
    %flag_set/imm 4, 0;
    %load/vec4a v000001eb6c9a9240, 4;
    %pad/s 32;
    %ix/load 4, 14, 0;
    %flag_set/imm 4, 0;
    %load/vec4a v000001eb6c9a80c0, 4;
    %pad/s 32;
    %mul;
    %ix/load 3, 14, 0;
    %flag_set/imm 4, 0;
    %ix/load 4, 0, 0; Constant delay
    %assign/vec4/a/d v000001eb6c9a9560, 0, 4;
    %ix/load 4, 15, 0;
    %flag_set/imm 4, 0;
    %load/vec4a v000001eb6c9a9240, 4;
    %pad/s 32;
    %ix/load 4, 15, 0;
    %flag_set/imm 4, 0;
    %load/vec4a v000001eb6c9a80c0, 4;
    %pad/s 32;
    %mul;
    %ix/load 3, 15, 0;
    %flag_set/imm 4, 0;
    %ix/load 4, 0, 0; Constant delay
    %assign/vec4/a/d v000001eb6c9a9560, 0, 4;
    %ix/load 4, 16, 0;
    %flag_set/imm 4, 0;
    %load/vec4a v000001eb6c9a9240, 4;
    %pad/s 32;
    %ix/load 4, 16, 0;
    %flag_set/imm 4, 0;
    %load/vec4a v000001eb6c9a80c0, 4;
    %pad/s 32;
    %mul;
    %ix/load 3, 16, 0;
    %flag_set/imm 4, 0;
    %ix/load 4, 0, 0; Constant delay
    %assign/vec4/a/d v000001eb6c9a9560, 0, 4;
    %ix/load 4, 17, 0;
    %flag_set/imm 4, 0;
    %load/vec4a v000001eb6c9a9240, 4;
    %pad/s 32;
    %ix/load 4, 17, 0;
    %flag_set/imm 4, 0;
    %load/vec4a v000001eb6c9a80c0, 4;
    %pad/s 32;
    %mul;
    %ix/load 3, 17, 0;
    %flag_set/imm 4, 0;
    %ix/load 4, 0, 0; Constant delay
    %assign/vec4/a/d v000001eb6c9a9560, 0, 4;
    %ix/load 4, 18, 0;
    %flag_set/imm 4, 0;
    %load/vec4a v000001eb6c9a9240, 4;
    %pad/s 32;
    %ix/load 4, 18, 0;
    %flag_set/imm 4, 0;
    %load/vec4a v000001eb6c9a80c0, 4;
    %pad/s 32;
    %mul;
    %ix/load 3, 18, 0;
    %flag_set/imm 4, 0;
    %ix/load 4, 0, 0; Constant delay
    %assign/vec4/a/d v000001eb6c9a9560, 0, 4;
    %ix/load 4, 19, 0;
    %flag_set/imm 4, 0;
    %load/vec4a v000001eb6c9a9240, 4;
    %pad/s 32;
    %ix/load 4, 19, 0;
    %flag_set/imm 4, 0;
    %load/vec4a v000001eb6c9a80c0, 4;
    %pad/s 32;
    %mul;
    %ix/load 3, 19, 0;
    %flag_set/imm 4, 0;
    %ix/load 4, 0, 0; Constant delay
    %assign/vec4/a/d v000001eb6c9a9560, 0, 4;
    %ix/load 4, 20, 0;
    %flag_set/imm 4, 0;
    %load/vec4a v000001eb6c9a9240, 4;
    %pad/s 32;
    %ix/load 4, 20, 0;
    %flag_set/imm 4, 0;
    %load/vec4a v000001eb6c9a80c0, 4;
    %pad/s 32;
    %mul;
    %ix/load 3, 20, 0;
    %flag_set/imm 4, 0;
    %ix/load 4, 0, 0; Constant delay
    %assign/vec4/a/d v000001eb6c9a9560, 0, 4;
    %ix/load 4, 21, 0;
    %flag_set/imm 4, 0;
    %load/vec4a v000001eb6c9a9240, 4;
    %pad/s 32;
    %ix/load 4, 21, 0;
    %flag_set/imm 4, 0;
    %load/vec4a v000001eb6c9a80c0, 4;
    %pad/s 32;
    %mul;
    %ix/load 3, 21, 0;
    %flag_set/imm 4, 0;
    %ix/load 4, 0, 0; Constant delay
    %assign/vec4/a/d v000001eb6c9a9560, 0, 4;
    %ix/load 4, 22, 0;
    %flag_set/imm 4, 0;
    %load/vec4a v000001eb6c9a9240, 4;
    %pad/s 32;
    %ix/load 4, 22, 0;
    %flag_set/imm 4, 0;
    %load/vec4a v000001eb6c9a80c0, 4;
    %pad/s 32;
    %mul;
    %ix/load 3, 22, 0;
    %flag_set/imm 4, 0;
    %ix/load 4, 0, 0; Constant delay
    %assign/vec4/a/d v000001eb6c9a9560, 0, 4;
    %ix/load 4, 23, 0;
    %flag_set/imm 4, 0;
    %load/vec4a v000001eb6c9a9240, 4;
    %pad/s 32;
    %ix/load 4, 23, 0;
    %flag_set/imm 4, 0;
    %load/vec4a v000001eb6c9a80c0, 4;
    %pad/s 32;
    %mul;
    %ix/load 3, 23, 0;
    %flag_set/imm 4, 0;
    %ix/load 4, 0, 0; Constant delay
    %assign/vec4/a/d v000001eb6c9a9560, 0, 4;
    %ix/load 4, 24, 0;
    %flag_set/imm 4, 0;
    %load/vec4a v000001eb6c9a9240, 4;
    %pad/s 32;
    %ix/load 4, 24, 0;
    %flag_set/imm 4, 0;
    %load/vec4a v000001eb6c9a80c0, 4;
    %pad/s 32;
    %mul;
    %ix/load 3, 24, 0;
    %flag_set/imm 4, 0;
    %ix/load 4, 0, 0; Constant delay
    %assign/vec4/a/d v000001eb6c9a9560, 0, 4;
    %ix/load 4, 25, 0;
    %flag_set/imm 4, 0;
    %load/vec4a v000001eb6c9a9240, 4;
    %pad/s 32;
    %ix/load 4, 25, 0;
    %flag_set/imm 4, 0;
    %load/vec4a v000001eb6c9a80c0, 4;
    %pad/s 32;
    %mul;
    %ix/load 3, 25, 0;
    %flag_set/imm 4, 0;
    %ix/load 4, 0, 0; Constant delay
    %assign/vec4/a/d v000001eb6c9a9560, 0, 4;
    %ix/load 4, 26, 0;
    %flag_set/imm 4, 0;
    %load/vec4a v000001eb6c9a9240, 4;
    %pad/s 32;
    %ix/load 4, 26, 0;
    %flag_set/imm 4, 0;
    %load/vec4a v000001eb6c9a80c0, 4;
    %pad/s 32;
    %mul;
    %ix/load 3, 26, 0;
    %flag_set/imm 4, 0;
    %ix/load 4, 0, 0; Constant delay
    %assign/vec4/a/d v000001eb6c9a9560, 0, 4;
    %ix/load 4, 27, 0;
    %flag_set/imm 4, 0;
    %load/vec4a v000001eb6c9a9240, 4;
    %pad/s 32;
    %ix/load 4, 27, 0;
    %flag_set/imm 4, 0;
    %load/vec4a v000001eb6c9a80c0, 4;
    %pad/s 32;
    %mul;
    %ix/load 3, 27, 0;
    %flag_set/imm 4, 0;
    %ix/load 4, 0, 0; Constant delay
    %assign/vec4/a/d v000001eb6c9a9560, 0, 4;
    %ix/load 4, 28, 0;
    %flag_set/imm 4, 0;
    %load/vec4a v000001eb6c9a9240, 4;
    %pad/s 32;
    %ix/load 4, 28, 0;
    %flag_set/imm 4, 0;
    %load/vec4a v000001eb6c9a80c0, 4;
    %pad/s 32;
    %mul;
    %ix/load 3, 28, 0;
    %flag_set/imm 4, 0;
    %ix/load 4, 0, 0; Constant delay
    %assign/vec4/a/d v000001eb6c9a9560, 0, 4;
    %ix/load 4, 29, 0;
    %flag_set/imm 4, 0;
    %load/vec4a v000001eb6c9a9240, 4;
    %pad/s 32;
    %ix/load 4, 29, 0;
    %flag_set/imm 4, 0;
    %load/vec4a v000001eb6c9a80c0, 4;
    %pad/s 32;
    %mul;
    %ix/load 3, 29, 0;
    %flag_set/imm 4, 0;
    %ix/load 4, 0, 0; Constant delay
    %assign/vec4/a/d v000001eb6c9a9560, 0, 4;
    %ix/load 4, 30, 0;
    %flag_set/imm 4, 0;
    %load/vec4a v000001eb6c9a9240, 4;
    %pad/s 32;
    %ix/load 4, 30, 0;
    %flag_set/imm 4, 0;
    %load/vec4a v000001eb6c9a80c0, 4;
    %pad/s 32;
    %mul;
    %ix/load 3, 30, 0;
    %flag_set/imm 4, 0;
    %ix/load 4, 0, 0; Constant delay
    %assign/vec4/a/d v000001eb6c9a9560, 0, 4;
    %ix/load 4, 31, 0;
    %flag_set/imm 4, 0;
    %load/vec4a v000001eb6c9a9240, 4;
    %pad/s 32;
    %ix/load 4, 31, 0;
    %flag_set/imm 4, 0;
    %load/vec4a v000001eb6c9a80c0, 4;
    %pad/s 32;
    %mul;
    %ix/load 3, 31, 0;
    %flag_set/imm 4, 0;
    %ix/load 4, 0, 0; Constant delay
    %assign/vec4/a/d v000001eb6c9a9560, 0, 4;
T_8.4 ;
    %load/vec4 v000001eb6c9a8a20_0;
    %assign/vec4 v000001eb6c9a9100_0, 0;
    %load/vec4 v000001eb6c9a9100_0;
    %flag_set/vec4 8;
    %jmp/0xz  T_8.6, 8;
    %ix/load 4, 0, 0;
    %flag_set/imm 4, 0;
    %load/vec4a v000001eb6c9a9560, 4;
    %ix/load 4, 1, 0;
    %flag_set/imm 4, 0;
    %load/vec4a v000001eb6c9a9560, 4;
    %add;
    %ix/load 3, 0, 0;
    %flag_set/imm 4, 0;
    %ix/load 4, 0, 0; Constant delay
    %assign/vec4/a/d v000001eb6c9a8ac0, 0, 4;
    %ix/load 4, 2, 0;
    %flag_set/imm 4, 0;
    %load/vec4a v000001eb6c9a9560, 4;
    %ix/load 4, 3, 0;
    %flag_set/imm 4, 0;
    %load/vec4a v000001eb6c9a9560, 4;
    %add;
    %ix/load 3, 1, 0;
    %flag_set/imm 4, 0;
    %ix/load 4, 0, 0; Constant delay
    %assign/vec4/a/d v000001eb6c9a8ac0, 0, 4;
    %ix/load 4, 4, 0;
    %flag_set/imm 4, 0;
    %load/vec4a v000001eb6c9a9560, 4;
    %ix/load 4, 5, 0;
    %flag_set/imm 4, 0;
    %load/vec4a v000001eb6c9a9560, 4;
    %add;
    %ix/load 3, 2, 0;
    %flag_set/imm 4, 0;
    %ix/load 4, 0, 0; Constant delay
    %assign/vec4/a/d v000001eb6c9a8ac0, 0, 4;
    %ix/load 4, 6, 0;
    %flag_set/imm 4, 0;
    %load/vec4a v000001eb6c9a9560, 4;
    %ix/load 4, 7, 0;
    %flag_set/imm 4, 0;
    %load/vec4a v000001eb6c9a9560, 4;
    %add;
    %ix/load 3, 3, 0;
    %flag_set/imm 4, 0;
    %ix/load 4, 0, 0; Constant delay
    %assign/vec4/a/d v000001eb6c9a8ac0, 0, 4;
    %ix/load 4, 8, 0;
    %flag_set/imm 4, 0;
    %load/vec4a v000001eb6c9a9560, 4;
    %ix/load 4, 9, 0;
    %flag_set/imm 4, 0;
    %load/vec4a v000001eb6c9a9560, 4;
    %add;
    %ix/load 3, 4, 0;
    %flag_set/imm 4, 0;
    %ix/load 4, 0, 0; Constant delay
    %assign/vec4/a/d v000001eb6c9a8ac0, 0, 4;
    %ix/load 4, 10, 0;
    %flag_set/imm 4, 0;
    %load/vec4a v000001eb6c9a9560, 4;
    %ix/load 4, 11, 0;
    %flag_set/imm 4, 0;
    %load/vec4a v000001eb6c9a9560, 4;
    %add;
    %ix/load 3, 5, 0;
    %flag_set/imm 4, 0;
    %ix/load 4, 0, 0; Constant delay
    %assign/vec4/a/d v000001eb6c9a8ac0, 0, 4;
    %ix/load 4, 12, 0;
    %flag_set/imm 4, 0;
    %load/vec4a v000001eb6c9a9560, 4;
    %ix/load 4, 13, 0;
    %flag_set/imm 4, 0;
    %load/vec4a v000001eb6c9a9560, 4;
    %add;
    %ix/load 3, 6, 0;
    %flag_set/imm 4, 0;
    %ix/load 4, 0, 0; Constant delay
    %assign/vec4/a/d v000001eb6c9a8ac0, 0, 4;
    %ix/load 4, 14, 0;
    %flag_set/imm 4, 0;
    %load/vec4a v000001eb6c9a9560, 4;
    %ix/load 4, 15, 0;
    %flag_set/imm 4, 0;
    %load/vec4a v000001eb6c9a9560, 4;
    %add;
    %ix/load 3, 7, 0;
    %flag_set/imm 4, 0;
    %ix/load 4, 0, 0; Constant delay
    %assign/vec4/a/d v000001eb6c9a8ac0, 0, 4;
    %ix/load 4, 16, 0;
    %flag_set/imm 4, 0;
    %load/vec4a v000001eb6c9a9560, 4;
    %ix/load 4, 17, 0;
    %flag_set/imm 4, 0;
    %load/vec4a v000001eb6c9a9560, 4;
    %add;
    %ix/load 3, 8, 0;
    %flag_set/imm 4, 0;
    %ix/load 4, 0, 0; Constant delay
    %assign/vec4/a/d v000001eb6c9a8ac0, 0, 4;
    %ix/load 4, 18, 0;
    %flag_set/imm 4, 0;
    %load/vec4a v000001eb6c9a9560, 4;
    %ix/load 4, 19, 0;
    %flag_set/imm 4, 0;
    %load/vec4a v000001eb6c9a9560, 4;
    %add;
    %ix/load 3, 9, 0;
    %flag_set/imm 4, 0;
    %ix/load 4, 0, 0; Constant delay
    %assign/vec4/a/d v000001eb6c9a8ac0, 0, 4;
    %ix/load 4, 20, 0;
    %flag_set/imm 4, 0;
    %load/vec4a v000001eb6c9a9560, 4;
    %ix/load 4, 21, 0;
    %flag_set/imm 4, 0;
    %load/vec4a v000001eb6c9a9560, 4;
    %add;
    %ix/load 3, 10, 0;
    %flag_set/imm 4, 0;
    %ix/load 4, 0, 0; Constant delay
    %assign/vec4/a/d v000001eb6c9a8ac0, 0, 4;
    %ix/load 4, 22, 0;
    %flag_set/imm 4, 0;
    %load/vec4a v000001eb6c9a9560, 4;
    %ix/load 4, 23, 0;
    %flag_set/imm 4, 0;
    %load/vec4a v000001eb6c9a9560, 4;
    %add;
    %ix/load 3, 11, 0;
    %flag_set/imm 4, 0;
    %ix/load 4, 0, 0; Constant delay
    %assign/vec4/a/d v000001eb6c9a8ac0, 0, 4;
    %ix/load 4, 24, 0;
    %flag_set/imm 4, 0;
    %load/vec4a v000001eb6c9a9560, 4;
    %ix/load 4, 25, 0;
    %flag_set/imm 4, 0;
    %load/vec4a v000001eb6c9a9560, 4;
    %add;
    %ix/load 3, 12, 0;
    %flag_set/imm 4, 0;
    %ix/load 4, 0, 0; Constant delay
    %assign/vec4/a/d v000001eb6c9a8ac0, 0, 4;
    %ix/load 4, 26, 0;
    %flag_set/imm 4, 0;
    %load/vec4a v000001eb6c9a9560, 4;
    %ix/load 4, 27, 0;
    %flag_set/imm 4, 0;
    %load/vec4a v000001eb6c9a9560, 4;
    %add;
    %ix/load 3, 13, 0;
    %flag_set/imm 4, 0;
    %ix/load 4, 0, 0; Constant delay
    %assign/vec4/a/d v000001eb6c9a8ac0, 0, 4;
    %ix/load 4, 28, 0;
    %flag_set/imm 4, 0;
    %load/vec4a v000001eb6c9a9560, 4;
    %ix/load 4, 29, 0;
    %flag_set/imm 4, 0;
    %load/vec4a v000001eb6c9a9560, 4;
    %add;
    %ix/load 3, 14, 0;
    %flag_set/imm 4, 0;
    %ix/load 4, 0, 0; Constant delay
    %assign/vec4/a/d v000001eb6c9a8ac0, 0, 4;
    %ix/load 4, 30, 0;
    %flag_set/imm 4, 0;
    %load/vec4a v000001eb6c9a9560, 4;
    %ix/load 4, 31, 0;
    %flag_set/imm 4, 0;
    %load/vec4a v000001eb6c9a9560, 4;
    %add;
    %ix/load 3, 15, 0;
    %flag_set/imm 4, 0;
    %ix/load 4, 0, 0; Constant delay
    %assign/vec4/a/d v000001eb6c9a8ac0, 0, 4;
T_8.6 ;
    %load/vec4 v000001eb6c9a9100_0;
    %assign/vec4 v000001eb6c9a8d40_0, 0;
    %load/vec4 v000001eb6c9a8d40_0;
    %flag_set/vec4 8;
    %jmp/0xz  T_8.8, 8;
    %ix/load 4, 0, 0;
    %flag_set/imm 4, 0;
    %load/vec4a v000001eb6c9a8ac0, 4;
    %ix/load 4, 1, 0;
    %flag_set/imm 4, 0;
    %load/vec4a v000001eb6c9a8ac0, 4;
    %add;
    %ix/load 3, 0, 0;
    %flag_set/imm 4, 0;
    %ix/load 4, 0, 0; Constant delay
    %assign/vec4/a/d v000001eb6c9a8b60, 0, 4;
    %ix/load 4, 2, 0;
    %flag_set/imm 4, 0;
    %load/vec4a v000001eb6c9a8ac0, 4;
    %ix/load 4, 3, 0;
    %flag_set/imm 4, 0;
    %load/vec4a v000001eb6c9a8ac0, 4;
    %add;
    %ix/load 3, 1, 0;
    %flag_set/imm 4, 0;
    %ix/load 4, 0, 0; Constant delay
    %assign/vec4/a/d v000001eb6c9a8b60, 0, 4;
    %ix/load 4, 4, 0;
    %flag_set/imm 4, 0;
    %load/vec4a v000001eb6c9a8ac0, 4;
    %ix/load 4, 5, 0;
    %flag_set/imm 4, 0;
    %load/vec4a v000001eb6c9a8ac0, 4;
    %add;
    %ix/load 3, 2, 0;
    %flag_set/imm 4, 0;
    %ix/load 4, 0, 0; Constant delay
    %assign/vec4/a/d v000001eb6c9a8b60, 0, 4;
    %ix/load 4, 6, 0;
    %flag_set/imm 4, 0;
    %load/vec4a v000001eb6c9a8ac0, 4;
    %ix/load 4, 7, 0;
    %flag_set/imm 4, 0;
    %load/vec4a v000001eb6c9a8ac0, 4;
    %add;
    %ix/load 3, 3, 0;
    %flag_set/imm 4, 0;
    %ix/load 4, 0, 0; Constant delay
    %assign/vec4/a/d v000001eb6c9a8b60, 0, 4;
    %ix/load 4, 8, 0;
    %flag_set/imm 4, 0;
    %load/vec4a v000001eb6c9a8ac0, 4;
    %ix/load 4, 9, 0;
    %flag_set/imm 4, 0;
    %load/vec4a v000001eb6c9a8ac0, 4;
    %add;
    %ix/load 3, 4, 0;
    %flag_set/imm 4, 0;
    %ix/load 4, 0, 0; Constant delay
    %assign/vec4/a/d v000001eb6c9a8b60, 0, 4;
    %ix/load 4, 10, 0;
    %flag_set/imm 4, 0;
    %load/vec4a v000001eb6c9a8ac0, 4;
    %ix/load 4, 11, 0;
    %flag_set/imm 4, 0;
    %load/vec4a v000001eb6c9a8ac0, 4;
    %add;
    %ix/load 3, 5, 0;
    %flag_set/imm 4, 0;
    %ix/load 4, 0, 0; Constant delay
    %assign/vec4/a/d v000001eb6c9a8b60, 0, 4;
    %ix/load 4, 12, 0;
    %flag_set/imm 4, 0;
    %load/vec4a v000001eb6c9a8ac0, 4;
    %ix/load 4, 13, 0;
    %flag_set/imm 4, 0;
    %load/vec4a v000001eb6c9a8ac0, 4;
    %add;
    %ix/load 3, 6, 0;
    %flag_set/imm 4, 0;
    %ix/load 4, 0, 0; Constant delay
    %assign/vec4/a/d v000001eb6c9a8b60, 0, 4;
    %ix/load 4, 14, 0;
    %flag_set/imm 4, 0;
    %load/vec4a v000001eb6c9a8ac0, 4;
    %ix/load 4, 15, 0;
    %flag_set/imm 4, 0;
    %load/vec4a v000001eb6c9a8ac0, 4;
    %add;
    %ix/load 3, 7, 0;
    %flag_set/imm 4, 0;
    %ix/load 4, 0, 0; Constant delay
    %assign/vec4/a/d v000001eb6c9a8b60, 0, 4;
T_8.8 ;
    %load/vec4 v000001eb6c9a8d40_0;
    %assign/vec4 v000001eb6c9a88e0_0, 0;
    %load/vec4 v000001eb6c9a88e0_0;
    %flag_set/vec4 8;
    %jmp/0xz  T_8.10, 8;
    %ix/load 4, 0, 0;
    %flag_set/imm 4, 0;
    %load/vec4a v000001eb6c9a8b60, 4;
    %ix/load 4, 1, 0;
    %flag_set/imm 4, 0;
    %load/vec4a v000001eb6c9a8b60, 4;
    %add;
    %ix/load 3, 0, 0;
    %flag_set/imm 4, 0;
    %ix/load 4, 0, 0; Constant delay
    %assign/vec4/a/d v000001eb6c9a8c00, 0, 4;
    %ix/load 4, 2, 0;
    %flag_set/imm 4, 0;
    %load/vec4a v000001eb6c9a8b60, 4;
    %ix/load 4, 3, 0;
    %flag_set/imm 4, 0;
    %load/vec4a v000001eb6c9a8b60, 4;
    %add;
    %ix/load 3, 1, 0;
    %flag_set/imm 4, 0;
    %ix/load 4, 0, 0; Constant delay
    %assign/vec4/a/d v000001eb6c9a8c00, 0, 4;
    %ix/load 4, 4, 0;
    %flag_set/imm 4, 0;
    %load/vec4a v000001eb6c9a8b60, 4;
    %ix/load 4, 5, 0;
    %flag_set/imm 4, 0;
    %load/vec4a v000001eb6c9a8b60, 4;
    %add;
    %ix/load 3, 2, 0;
    %flag_set/imm 4, 0;
    %ix/load 4, 0, 0; Constant delay
    %assign/vec4/a/d v000001eb6c9a8c00, 0, 4;
    %ix/load 4, 6, 0;
    %flag_set/imm 4, 0;
    %load/vec4a v000001eb6c9a8b60, 4;
    %ix/load 4, 7, 0;
    %flag_set/imm 4, 0;
    %load/vec4a v000001eb6c9a8b60, 4;
    %add;
    %ix/load 3, 3, 0;
    %flag_set/imm 4, 0;
    %ix/load 4, 0, 0; Constant delay
    %assign/vec4/a/d v000001eb6c9a8c00, 0, 4;
T_8.10 ;
    %load/vec4 v000001eb6c9a88e0_0;
    %assign/vec4 v000001eb6c9a7ee0_0, 0;
    %load/vec4 v000001eb6c9a7ee0_0;
    %flag_set/vec4 8;
    %jmp/0xz  T_8.12, 8;
    %ix/load 4, 0, 0;
    %flag_set/imm 4, 0;
    %load/vec4a v000001eb6c9a8c00, 4;
    %ix/load 4, 1, 0;
    %flag_set/imm 4, 0;
    %load/vec4a v000001eb6c9a8c00, 4;
    %add;
    %ix/load 3, 0, 0;
    %flag_set/imm 4, 0;
    %ix/load 4, 0, 0; Constant delay
    %assign/vec4/a/d v000001eb6c9a92e0, 0, 4;
    %ix/load 4, 2, 0;
    %flag_set/imm 4, 0;
    %load/vec4a v000001eb6c9a8c00, 4;
    %ix/load 4, 3, 0;
    %flag_set/imm 4, 0;
    %load/vec4a v000001eb6c9a8c00, 4;
    %add;
    %ix/load 3, 1, 0;
    %flag_set/imm 4, 0;
    %ix/load 4, 0, 0; Constant delay
    %assign/vec4/a/d v000001eb6c9a92e0, 0, 4;
T_8.12 ;
    %load/vec4 v000001eb6c9a7ee0_0;
    %assign/vec4 v000001eb6c9a91a0_0, 0;
    %load/vec4 v000001eb6c9a91a0_0;
    %flag_set/vec4 8;
    %jmp/0xz  T_8.14, 8;
    %ix/load 4, 0, 0;
    %flag_set/imm 4, 0;
    %load/vec4a v000001eb6c9a92e0, 4;
    %ix/load 4, 1, 0;
    %flag_set/imm 4, 0;
    %load/vec4a v000001eb6c9a92e0, 4;
    %add;
    %load/vec4 v000001eb6c9a8840_0;
    %pad/s 32;
    %ix/load 4, 8, 0;
    %flag_set/imm 4, 0;
    %shiftl 4;
    %add;
    %assign/vec4 v000001eb6c9ab250_0, 0;
T_8.14 ;
    %load/vec4 v000001eb6c9a91a0_0;
    %assign/vec4 v000001eb6c9a7f80_0, 0;
    %load/vec4 v000001eb6c9a7f80_0;
    %flag_set/vec4 8;
    %jmp/0xz  T_8.16, 8;
    %load/vec4 v000001eb6c9ab250_0;
    %parti/s 16, 8, 5;
    %assign/vec4 v000001eb6c9a9600_0, 0;
    %pushi/vec4 1, 0, 1;
    %assign/vec4 v000001eb6c9a8020_0, 0;
    %jmp T_8.17;
T_8.16 ;
    %pushi/vec4 0, 0, 1;
    %assign/vec4 v000001eb6c9a8020_0, 0;
T_8.17 ;
T_8.1 ;
    %jmp T_8;
    .thread T_8;
    .scope S_000001eb6c7e58e0;
T_9 ;
    %wait E_000001eb6c91e4b0;
    %load/vec4 v000001eb6c9aab70_0;
    %cmpi/s 65024, 0, 16;
    %flag_inv 5; GE is !LT
    %jmp/0xz  T_9.0, 5;
    %pushi/vec4 64512, 0, 16;
    %store/vec4 v000001eb6c9aac10_0, 0, 16;
    %jmp T_9.1;
T_9.0 ;
    %load/vec4 v000001eb6c9aab70_0;
    %cmpi/s 512, 0, 16;
    %flag_or 5, 4;
    %jmp/0xz  T_9.2, 5;
    %pushi/vec4 1024, 0, 16;
    %store/vec4 v000001eb6c9aac10_0, 0, 16;
    %jmp T_9.3;
T_9.2 ;
    %load/vec4 v000001eb6c9aab70_0;
    %ix/load 4, 1, 0;
    %flag_set/imm 4, 0;
    %shiftr/s 4;
    %store/vec4 v000001eb6c9aac10_0, 0, 16;
T_9.3 ;
T_9.1 ;
    %jmp T_9;
    .thread T_9, $push;
    .scope S_000001eb6c9bdcf0;
T_10 ;
    %wait E_000001eb6c91e5b0;
    %load/vec4 v000001eb6c9bfc50_0;
    %flag_set/vec4 8;
    %jmp/0xz  T_10.0, 8;
    %pushi/vec4 0, 0, 7;
    %assign/vec4 v000001eb6c9bc730_0, 0;
    %pushi/vec4 0, 0, 1;
    %assign/vec4 v000001eb6c9bc910_0, 0;
    %jmp T_10.1;
T_10.0 ;
    %load/vec4 v000001eb6c9bc9b0_0;
    %flag_set/vec4 8;
    %jmp/0xz  T_10.2, 8;
    %load/vec4 v000001eb6c9bc730_0;
    %pad/u 32;
    %cmpi/u 64, 0, 32;
    %jmp/0xz  T_10.4, 5;
    %load/vec4 v000001eb6c9bc7d0_0;
    %load/vec4 v000001eb6c9bc730_0;
    %pad/u 8;
    %ix/vec4 3;
    %ix/load 4, 0, 0; Constant delay
    %assign/vec4/a/d v000001eb6c9bca50, 0, 4;
    %load/vec4 v000001eb6c9bc730_0;
    %addi 1, 0, 7;
    %assign/vec4 v000001eb6c9bc730_0, 0;
    %pushi/vec4 0, 0, 1;
    %assign/vec4 v000001eb6c9bc910_0, 0;
    %jmp T_10.5;
T_10.4 ;
    %pushi/vec4 1, 0, 1;
    %assign/vec4 v000001eb6c9bc910_0, 0;
T_10.5 ;
T_10.2 ;
T_10.1 ;
    %jmp T_10;
    .thread T_10;
    .scope S_000001eb6c9bdcf0;
T_11 ;
    %wait E_000001eb6c91ed70;
    %load/vec4 v000001eb6c9bcaf0_0;
    %pad/u 8;
    %ix/vec4 4;
    %load/vec4a v000001eb6c9bca50, 4;
    %store/vec4 v000001eb6c9bd090_0, 0, 16;
    %jmp T_11;
    .thread T_11, $push;
    .scope S_000001eb6c813da0;
T_12 ;
    %vpi_call 9 31 "$readmemh", "mem/epoch300_G_l1_W.mem", v000001eb6c9ab570 {0 0 0};
    %vpi_call 9 32 "$readmemh", "mem/epoch300_G_l1_B.mem", v000001eb6c9aa8f0 {0 0 0};
    %end;
    .thread T_12;
    .scope S_000001eb6c813da0;
T_13 ;
    %wait E_000001eb6c91e5b0;
    %load/vec4 v000001eb6c9aad50_0;
    %flag_set/vec4 8;
    %jmp/0xz  T_13.0, 8;
    %pushi/vec4 0, 0, 9;
    %assign/vec4 v000001eb6c9a9db0_0, 0;
    %pushi/vec4 0, 0, 7;
    %assign/vec4 v000001eb6c9aaa30_0, 0;
    %pushi/vec4 0, 0, 1;
    %assign/vec4 v000001eb6c9a9e50_0, 0;
    %pushi/vec4 0, 0, 1;
    %assign/vec4 v000001eb6c9ab6b0_0, 0;
    %pushi/vec4 0, 0, 48;
    %assign/vec4 v000001eb6c9aa350_0, 0;
    %pushi/vec4 0, 0, 4096;
    %assign/vec4 v000001eb6c9aa990_0, 0;
    %jmp T_13.1;
T_13.0 ;
    %load/vec4 v000001eb6c9aa030_0;
    %flag_set/vec4 9;
    %flag_get/vec4 9;
    %jmp/0 T_13.4, 9;
    %load/vec4 v000001eb6c9a9e50_0;
    %nor/r;
    %and;
T_13.4;
    %flag_set/vec4 8;
    %jmp/0xz  T_13.2, 8;
    %pushi/vec4 1, 0, 1;
    %assign/vec4 v000001eb6c9a9e50_0, 0;
    %pushi/vec4 0, 0, 1;
    %assign/vec4 v000001eb6c9ab6b0_0, 0;
    %pushi/vec4 0, 0, 9;
    %assign/vec4 v000001eb6c9a9db0_0, 0;
    %pushi/vec4 0, 0, 7;
    %assign/vec4 v000001eb6c9aaa30_0, 0;
    %ix/load 4, 0, 0;
    %flag_set/imm 4, 0;
    %load/vec4a v000001eb6c9aa8f0, 4;
    %assign/vec4 v000001eb6c9aa670_0, 0;
    %ix/load 4, 0, 0;
    %flag_set/imm 4, 0;
    %load/vec4a v000001eb6c9aa8f0, 4;
    %parti/s 1, 15, 5;
    %replicate 10;
    %ix/load 4, 0, 0;
    %flag_set/imm 4, 0;
    %load/vec4a v000001eb6c9aa8f0, 4;
    %concat/vec4; draw_concat_vec4
    %concati/vec4 0, 0, 22;
    %assign/vec4 v000001eb6c9aa350_0, 0;
    %jmp T_13.3;
T_13.2 ;
    %load/vec4 v000001eb6c9a9e50_0;
    %flag_set/vec4 8;
    %jmp/0xz  T_13.5, 8;
    %load/vec4 v000001eb6c9aaa30_0;
    %pad/u 32;
    %cmpi/u 64, 0, 32;
    %jmp/0xz  T_13.7, 5;
    %load/vec4 v000001eb6c9ab1b0_0;
    %pushi/vec4 63, 0, 32;
    %load/vec4 v000001eb6c9aaa30_0;
    %pad/u 32;
    %sub;
    %muli 16, 0, 32;
    %part/u 16;
    %assign/vec4 v000001eb6c9ab2f0_0, 0;
    %load/vec4 v000001eb6c9a9db0_0;
    %pad/u 32;
    %muli 64, 0, 32;
    %load/vec4 v000001eb6c9aaa30_0;
    %pad/u 32;
    %add;
    %ix/vec4 4;
    %load/vec4a v000001eb6c9ab570, 4;
    %assign/vec4 v000001eb6c9ab430_0, 0;
    %load/vec4 v000001eb6c9aaa30_0;
    %pad/u 32;
    %cmpi/u 0, 0, 32;
    %flag_or 5, 4; GT is !LE
    %flag_inv 5;
    %jmp/0xz  T_13.9, 5;
    %load/vec4 v000001eb6c9aa350_0;
    %load/vec4 v000001eb6c9aacb0_0;
    %parti/s 1, 31, 6;
    %replicate 16;
    %load/vec4 v000001eb6c9aacb0_0;
    %concat/vec4; draw_concat_vec4
    %add;
    %assign/vec4 v000001eb6c9aa350_0, 0;
T_13.9 ;
    %load/vec4 v000001eb6c9aaa30_0;
    %addi 1, 0, 7;
    %assign/vec4 v000001eb6c9aaa30_0, 0;
    %jmp T_13.8;
T_13.7 ;
    %load/vec4 v000001eb6c9aa350_0;
    %load/vec4 v000001eb6c9aacb0_0;
    %parti/s 1, 31, 6;
    %replicate 16;
    %load/vec4 v000001eb6c9aacb0_0;
    %concat/vec4; draw_concat_vec4
    %add;
    %assign/vec4 v000001eb6c9aa350_0, 0;
    %load/vec4 v000001eb6c9aa350_0;
    %parti/s 1, 47, 7;
    %load/vec4 v000001eb6c9aa350_0;
    %parti/s 15, 22, 6;
    %concat/vec4; draw_concat_vec4
    %ix/load 5, 0, 0;
    %pushi/vec4 255, 0, 32;
    %load/vec4 v000001eb6c9a9db0_0;
    %pad/u 32;
    %sub;
    %muli 16, 0, 32;
    %ix/vec4 4;
    %assign/vec4/off/d v000001eb6c9aa990_0, 4, 5;
    %load/vec4 v000001eb6c9a9db0_0;
    %pad/u 32;
    %cmpi/u 255, 0, 32;
    %jmp/0xz  T_13.11, 5;
    %load/vec4 v000001eb6c9a9db0_0;
    %addi 1, 0, 9;
    %assign/vec4 v000001eb6c9a9db0_0, 0;
    %pushi/vec4 0, 0, 7;
    %assign/vec4 v000001eb6c9aaa30_0, 0;
    %load/vec4 v000001eb6c9a9db0_0;
    %addi 1, 0, 9;
    %pad/u 10;
    %ix/vec4 4;
    %load/vec4a v000001eb6c9aa8f0, 4;
    %assign/vec4 v000001eb6c9aa670_0, 0;
    %load/vec4 v000001eb6c9a9db0_0;
    %addi 1, 0, 9;
    %pad/u 10;
    %ix/vec4 4;
    %load/vec4a v000001eb6c9aa8f0, 4;
    %parti/s 1, 15, 5;
    %replicate 10;
    %load/vec4 v000001eb6c9a9db0_0;
    %addi 1, 0, 9;
    %pad/u 10;
    %ix/vec4 4;
    %load/vec4a v000001eb6c9aa8f0, 4;
    %concat/vec4; draw_concat_vec4
    %concati/vec4 0, 0, 22;
    %assign/vec4 v000001eb6c9aa350_0, 0;
    %jmp T_13.12;
T_13.11 ;
    %pushi/vec4 0, 0, 1;
    %assign/vec4 v000001eb6c9a9e50_0, 0;
    %pushi/vec4 1, 0, 1;
    %assign/vec4 v000001eb6c9ab6b0_0, 0;
T_13.12 ;
T_13.8 ;
    %jmp T_13.6;
T_13.5 ;
    %load/vec4 v000001eb6c9ab6b0_0;
    %flag_set/vec4 8;
    %jmp/0xz  T_13.13, 8;
    %pushi/vec4 0, 0, 1;
    %assign/vec4 v000001eb6c9ab6b0_0, 0;
T_13.13 ;
T_13.6 ;
T_13.3 ;
T_13.1 ;
    %jmp T_13;
    .thread T_13;
    .scope S_000001eb6c813f30;
T_14 ;
    %vpi_call 10 23 "$readmemh", "hardware/layers/mem/epoch300_G_l2_W.mem", v000001eb6c9bcd70 {0 0 0};
    %vpi_call 10 24 "$readmemh", "d:/WILLGAN/hardware/layers/mem/epoch300_G_l2_W.mem", v000001eb6c9bcd70 {0 0 0};
    %vpi_call 10 25 "$readmemh", "hardware/layers/mem/epoch300_G_l2_B.mem", v000001eb6c9aa5d0 {0 0 0};
    %vpi_call 10 26 "$readmemh", "d:/WILLGAN/hardware/layers/mem/epoch300_G_l2_B.mem", v000001eb6c9aa5d0 {0 0 0};
    %end;
    .thread T_14;
    .scope S_000001eb6c813f30;
T_15 ;
    %wait E_000001eb6c91e5b0;
    %load/vec4 v000001eb6c9bcc30_0;
    %flag_set/vec4 8;
    %jmp/0xz  T_15.0, 8;
    %pushi/vec4 0, 0, 9;
    %assign/vec4 v000001eb6c9bbb50_0, 0;
    %pushi/vec4 0, 0, 9;
    %assign/vec4 v000001eb6c9bbdd0_0, 0;
    %pushi/vec4 0, 0, 1;
    %assign/vec4 v000001eb6c9bbd30_0, 0;
    %pushi/vec4 0, 0, 1;
    %assign/vec4 v000001eb6c9bc870_0, 0;
    %pushi/vec4 0, 0, 48;
    %assign/vec4 v000001eb6c9a9c70_0, 0;
    %pushi/vec4 0, 0, 4096;
    %assign/vec4 v000001eb6c9bc230_0, 0;
    %pushi/vec4 0, 0, 9;
    %assign/vec4 v000001eb6c9bc690_0, 0;
    %pushi/vec4 0, 0, 1;
    %assign/vec4 v000001eb6c9bbbf0_0, 0;
    %pushi/vec4 0, 0, 16;
    %assign/vec4 v000001eb6c9bd590_0, 0;
    %jmp T_15.1;
T_15.0 ;
    %load/vec4 v000001eb6c9bbbf0_0;
    %flag_set/vec4 8;
    %jmp/0xz  T_15.2, 8;
    %load/vec4 v000001eb6c9bd130_0;
    %ix/load 5, 0, 0;
    %pushi/vec4 255, 0, 32;
    %load/vec4 v000001eb6c9bc690_0;
    %pad/u 32;
    %sub;
    %muli 16, 0, 32;
    %ix/vec4 4;
    %assign/vec4/off/d v000001eb6c9bc230_0, 4, 5;
    %pushi/vec4 0, 0, 1;
    %assign/vec4 v000001eb6c9bbbf0_0, 0;
T_15.2 ;
    %load/vec4 v000001eb6c9bb970_0;
    %flag_set/vec4 9;
    %flag_get/vec4 9;
    %jmp/0 T_15.6, 9;
    %load/vec4 v000001eb6c9bbd30_0;
    %nor/r;
    %and;
T_15.6;
    %flag_set/vec4 8;
    %jmp/0xz  T_15.4, 8;
    %pushi/vec4 1, 0, 1;
    %assign/vec4 v000001eb6c9bbd30_0, 0;
    %pushi/vec4 0, 0, 1;
    %assign/vec4 v000001eb6c9bc870_0, 0;
    %pushi/vec4 0, 0, 9;
    %assign/vec4 v000001eb6c9bbb50_0, 0;
    %pushi/vec4 0, 0, 9;
    %assign/vec4 v000001eb6c9bbdd0_0, 0;
    %ix/load 4, 0, 0;
    %flag_set/imm 4, 0;
    %load/vec4a v000001eb6c9aa5d0, 4;
    %parti/s 1, 15, 5;
    %replicate 32;
    %ix/load 4, 0, 0;
    %flag_set/imm 4, 0;
    %load/vec4a v000001eb6c9aa5d0, 4;
    %concat/vec4; draw_concat_vec4
    %assign/vec4 v000001eb6c9a9c70_0, 0;
    %jmp T_15.5;
T_15.4 ;
    %load/vec4 v000001eb6c9bbd30_0;
    %flag_set/vec4 8;
    %jmp/0xz  T_15.7, 8;
    %load/vec4 v000001eb6c9bbdd0_0;
    %pad/u 32;
    %cmpi/u 256, 0, 32;
    %jmp/0xz  T_15.9, 5;
    %load/vec4 v000001eb6c9a9c70_0;
    %load/vec4 v000001eb6c9bbab0_0;
    %pad/s 48;
    %ix/load 4, 10, 0;
    %flag_set/imm 4, 0;
    %shiftr/s 4;
    %add;
    %assign/vec4 v000001eb6c9a9c70_0, 0;
    %load/vec4 v000001eb6c9bbdd0_0;
    %addi 1, 0, 9;
    %assign/vec4 v000001eb6c9bbdd0_0, 0;
    %jmp T_15.10;
T_15.9 ;
    %load/vec4 v000001eb6c9a9c70_0;
    %store/vec4 v000001eb6c9a98b0_0, 0, 48;
    %load/vec4 v000001eb6c9a98b0_0;
    %cmpi/s 32767, 0, 48;
    %flag_or 5, 4; GT is !LE
    %flag_inv 5;
    %jmp/0xz  T_15.11, 5;
    %pushi/vec4 32767, 0, 16;
    %assign/vec4 v000001eb6c9bd590_0, 0;
    %jmp T_15.12;
T_15.11 ;
    %load/vec4 v000001eb6c9a98b0_0;
    %pushi/vec4 4294967295, 0, 32;
    %concati/vec4 32768, 0, 16;
    %cmp/s;
    %jmp/0xz  T_15.13, 5;
    %pushi/vec4 32768, 0, 16;
    %assign/vec4 v000001eb6c9bd590_0, 0;
    %jmp T_15.14;
T_15.13 ;
    %load/vec4 v000001eb6c9a98b0_0;
    %parti/s 16, 0, 2;
    %assign/vec4 v000001eb6c9bd590_0, 0;
T_15.14 ;
T_15.12 ;
    %load/vec4 v000001eb6c9bbb50_0;
    %assign/vec4 v000001eb6c9bc690_0, 0;
    %pushi/vec4 1, 0, 1;
    %assign/vec4 v000001eb6c9bbbf0_0, 0;
    %load/vec4 v000001eb6c9bbb50_0;
    %pad/u 32;
    %cmpi/u 255, 0, 32;
    %jmp/0xz  T_15.15, 5;
    %load/vec4 v000001eb6c9bbb50_0;
    %addi 1, 0, 9;
    %assign/vec4 v000001eb6c9bbb50_0, 0;
    %pushi/vec4 0, 0, 9;
    %assign/vec4 v000001eb6c9bbdd0_0, 0;
    %load/vec4 v000001eb6c9bbb50_0;
    %pad/u 32;
    %addi 1, 0, 32;
    %ix/vec4 4;
    %load/vec4a v000001eb6c9aa5d0, 4;
    %parti/s 1, 15, 5;
    %replicate 32;
    %load/vec4 v000001eb6c9bbb50_0;
    %pad/u 32;
    %addi 1, 0, 32;
    %ix/vec4 4;
    %load/vec4a v000001eb6c9aa5d0, 4;
    %concat/vec4; draw_concat_vec4
    %assign/vec4 v000001eb6c9a9c70_0, 0;
    %jmp T_15.16;
T_15.15 ;
    %pushi/vec4 0, 0, 1;
    %assign/vec4 v000001eb6c9bbd30_0, 0;
    %pushi/vec4 1, 0, 1;
    %assign/vec4 v000001eb6c9bc870_0, 0;
T_15.16 ;
T_15.10 ;
    %jmp T_15.8;
T_15.7 ;
    %load/vec4 v000001eb6c9bc870_0;
    %flag_set/vec4 8;
    %jmp/0xz  T_15.17, 8;
    %pushi/vec4 0, 0, 1;
    %assign/vec4 v000001eb6c9bc870_0, 0;
T_15.17 ;
T_15.8 ;
T_15.5 ;
T_15.1 ;
    %jmp T_15;
    .thread T_15;
    .scope S_000001eb6c7fd090;
T_16 ;
    %vpi_call 11 31 "$readmemh", "hardware/layers/mem/epoch300_G_l3_W.mem", v000001eb6c9bb8d0 {0 0 0};
    %vpi_call 11 32 "$readmemh", "hardware/layers/mem/epoch300_G_l3_B.mem", v000001eb6c9bbe70 {0 0 0};
    %end;
    .thread T_16;
    .scope S_000001eb6c7fd090;
T_17 ;
    %wait E_000001eb6c91e5b0;
    %load/vec4 v000001eb6c9bd4f0_0;
    %flag_set/vec4 8;
    %jmp/0xz  T_17.0, 8;
    %pushi/vec4 0, 0, 10;
    %assign/vec4 v000001eb6c9bc370_0, 0;
    %pushi/vec4 0, 0, 9;
    %assign/vec4 v000001eb6c9bb830_0, 0;
    %pushi/vec4 0, 0, 1;
    %assign/vec4 v000001eb6c9bd1d0_0, 0;
    %pushi/vec4 0, 0, 1;
    %assign/vec4 v000001eb6c9bcf50_0, 0;
    %pushi/vec4 0, 0, 48;
    %assign/vec4 v000001eb6c9bd310_0, 0;
    %pushi/vec4 0, 0, 12544;
    %assign/vec4 v000001eb6c9bc550_0, 0;
    %pushi/vec4 0, 0, 16;
    %assign/vec4 v000001eb6c9bccd0_0, 0;
    %pushi/vec4 0, 0, 10;
    %assign/vec4 v000001eb6c9bd3b0_0, 0;
    %pushi/vec4 0, 0, 1;
    %assign/vec4 v000001eb6c9bcff0_0, 0;
    %pushi/vec4 0, 0, 1;
    %assign/vec4 v000001eb6c9bd630_0, 0;
    %pushi/vec4 0, 0, 1;
    %assign/vec4 v000001eb6c9bc0f0_0, 0;
    %jmp T_17.1;
T_17.0 ;
    %load/vec4 v000001eb6c9bc4b0_0;
    %flag_set/vec4 9;
    %flag_get/vec4 9;
    %jmp/0 T_17.4, 9;
    %load/vec4 v000001eb6c9bd1d0_0;
    %nor/r;
    %and;
T_17.4;
    %flag_set/vec4 8;
    %jmp/0xz  T_17.2, 8;
    %pushi/vec4 1, 0, 1;
    %assign/vec4 v000001eb6c9bd1d0_0, 0;
    %pushi/vec4 0, 0, 1;
    %assign/vec4 v000001eb6c9bcf50_0, 0;
    %pushi/vec4 0, 0, 10;
    %assign/vec4 v000001eb6c9bc370_0, 0;
    %pushi/vec4 0, 0, 9;
    %assign/vec4 v000001eb6c9bb830_0, 0;
    %ix/load 4, 0, 0;
    %flag_set/imm 4, 0;
    %load/vec4a v000001eb6c9bbe70, 4;
    %assign/vec4 v000001eb6c9bbfb0_0, 0;
    %ix/load 4, 0, 0;
    %flag_set/imm 4, 0;
    %load/vec4a v000001eb6c9bbe70, 4;
    %parti/s 1, 15, 5;
    %replicate 32;
    %ix/load 4, 0, 0;
    %flag_set/imm 4, 0;
    %load/vec4a v000001eb6c9bbe70, 4;
    %concat/vec4; draw_concat_vec4
    %assign/vec4 v000001eb6c9bd310_0, 0;
    %jmp T_17.3;
T_17.2 ;
    %load/vec4 v000001eb6c9bd1d0_0;
    %flag_set/vec4 8;
    %jmp/0xz  T_17.5, 8;
    %load/vec4 v000001eb6c9bb830_0;
    %pad/u 32;
    %cmpi/u 256, 0, 32;
    %jmp/0xz  T_17.7, 5;
    %load/vec4 v000001eb6c9bc190_0;
    %pushi/vec4 255, 0, 32;
    %load/vec4 v000001eb6c9bb830_0;
    %pad/u 32;
    %sub;
    %muli 16, 0, 32;
    %part/u 16;
    %assign/vec4 v000001eb6c9bce10_0, 0;
    %load/vec4 v000001eb6c9bc370_0;
    %pad/u 32;
    %muli 256, 0, 32;
    %load/vec4 v000001eb6c9bb830_0;
    %pad/u 32;
    %add;
    %ix/vec4 4;
    %load/vec4a v000001eb6c9bb8d0, 4;
    %assign/vec4 v000001eb6c9bbc90_0, 0;
    %load/vec4 v000001eb6c9bd310_0;
    %load/vec4 v000001eb6c9bc2d0_0;
    %pad/s 48;
    %ix/load 4, 10, 0;
    %flag_set/imm 4, 0;
    %shiftr/s 4;
    %add;
    %assign/vec4 v000001eb6c9bd310_0, 0;
    %load/vec4 v000001eb6c9bb830_0;
    %addi 1, 0, 9;
    %assign/vec4 v000001eb6c9bb830_0, 0;
    %jmp T_17.8;
T_17.7 ;
    %load/vec4 v000001eb6c9bd310_0;
    %cmpi/s 32767, 0, 48;
    %flag_or 5, 4; GT is !LE
    %flag_inv 5;
    %jmp/0xz  T_17.9, 5;
    %pushi/vec4 32767, 0, 16;
    %assign/vec4 v000001eb6c9bccd0_0, 0;
    %jmp T_17.10;
T_17.9 ;
    %load/vec4 v000001eb6c9bd310_0;
    %pushi/vec4 4294967295, 0, 32;
    %concati/vec4 32768, 0, 16;
    %cmp/s;
    %jmp/0xz  T_17.11, 5;
    %pushi/vec4 32768, 0, 16;
    %assign/vec4 v000001eb6c9bccd0_0, 0;
    %jmp T_17.12;
T_17.11 ;
    %load/vec4 v000001eb6c9bd310_0;
    %parti/s 16, 0, 2;
    %assign/vec4 v000001eb6c9bccd0_0, 0;
T_17.12 ;
T_17.10 ;
    %load/vec4 v000001eb6c9bc370_0;
    %assign/vec4 v000001eb6c9bd3b0_0, 0;
    %load/vec4 v000001eb6c9bc0f0_0;
    %assign/vec4 v000001eb6c9bcff0_0, 0;
    %pushi/vec4 1, 0, 1;
    %assign/vec4 v000001eb6c9bc0f0_0, 0;
    %load/vec4 v000001eb6c9bc370_0;
    %pad/u 32;
    %cmpi/u 783, 0, 32;
    %jmp/0xz  T_17.13, 5;
    %load/vec4 v000001eb6c9bc370_0;
    %addi 1, 0, 10;
    %assign/vec4 v000001eb6c9bc370_0, 0;
    %pushi/vec4 0, 0, 9;
    %assign/vec4 v000001eb6c9bb830_0, 0;
    %load/vec4 v000001eb6c9bc370_0;
    %addi 1, 0, 10;
    %pad/u 11;
    %ix/vec4 4;
    %load/vec4a v000001eb6c9bbe70, 4;
    %assign/vec4 v000001eb6c9bbfb0_0, 0;
    %load/vec4 v000001eb6c9bc370_0;
    %addi 1, 0, 10;
    %pad/u 11;
    %ix/vec4 4;
    %load/vec4a v000001eb6c9bbe70, 4;
    %parti/s 1, 15, 5;
    %replicate 32;
    %load/vec4 v000001eb6c9bc370_0;
    %addi 1, 0, 10;
    %pad/u 11;
    %ix/vec4 4;
    %load/vec4a v000001eb6c9bbe70, 4;
    %concat/vec4; draw_concat_vec4
    %assign/vec4 v000001eb6c9bd310_0, 0;
    %jmp T_17.14;
T_17.13 ;
    %pushi/vec4 0, 0, 1;
    %assign/vec4 v000001eb6c9bd1d0_0, 0;
    %pushi/vec4 1, 0, 1;
    %assign/vec4 v000001eb6c9bcf50_0, 0;
T_17.14 ;
T_17.8 ;
    %jmp T_17.6;
T_17.5 ;
    %load/vec4 v000001eb6c9bcf50_0;
    %flag_set/vec4 8;
    %jmp/0xz  T_17.15, 8;
    %pushi/vec4 0, 0, 1;
    %assign/vec4 v000001eb6c9bcf50_0, 0;
T_17.15 ;
T_17.6 ;
T_17.3 ;
    %load/vec4 v000001eb6c9bcff0_0;
    %flag_set/vec4 8;
    %jmp/0xz  T_17.17, 8;
    %load/vec4 v000001eb6c9bccd0_0;
    %ix/load 5, 0, 0;
    %pushi/vec4 783, 0, 32;
    %load/vec4 v000001eb6c9bd3b0_0;
    %pad/u 32;
    %sub;
    %muli 16, 0, 32;
    %ix/vec4 4;
    %assign/vec4/off/d v000001eb6c9bc550_0, 4, 5;
    %load/vec4 v000001eb6c9bd3b0_0;
    %pad/u 32;
    %cmpi/e 0, 0, 32;
    %jmp/0xz  T_17.19, 4;
    %vpi_call 11 121 "$display", "DEBUG: neuron0 out=%0d", v000001eb6c9bccd0_0 {0 0 0};
T_17.19 ;
    %pushi/vec4 0, 0, 1;
    %assign/vec4 v000001eb6c9bcff0_0, 0;
T_17.17 ;
    %load/vec4 v000001eb6c9bcf50_0;
    %flag_set/vec4 10;
    %flag_get/vec4 10;
    %jmp/0 T_17.24, 10;
    %load/vec4 v000001eb6c9bd630_0;
    %nor/r;
    %and;
T_17.24;
    %flag_set/vec4 9;
    %flag_get/vec4 9;
    %jmp/0 T_17.23, 9;
    %load/vec4 v000001eb6c9bc0f0_0;
    %and;
T_17.23;
    %flag_set/vec4 8;
    %jmp/0xz  T_17.21, 8;
    %vpi_func 11 127 "$fopen" 32, "D:/WILLGAN/hardware/layers/output.mem", "w" {0 0 0};
    %store/vec4 v000001eb6c9bc050_0, 0, 32;
    %load/vec4 v000001eb6c9bc050_0;
    %cmpi/e 0, 0, 32;
    %jmp/0xz  T_17.25, 4;
    %vpi_call 11 129 "$display", "ERROR: Could not open output.mem for writing!" {0 0 0};
    %jmp T_17.26;
T_17.25 ;
    %fork t_1, S_000001eb6c9bd840;
    %jmp t_0;
    .scope S_000001eb6c9bd840;
t_1 ;
    %pushi/vec4 0, 0, 32;
    %store/vec4 v000001eb6c9bc410_0, 0, 32;
T_17.27 ;
    %load/vec4 v000001eb6c9bc410_0;
    %cmpi/s 784, 0, 32;
    %jmp/0xz T_17.28, 5;
    %load/vec4 v000001eb6c9bc550_0;
    %pushi/vec4 783, 0, 32;
    %load/vec4 v000001eb6c9bc410_0;
    %sub;
    %muli 16, 0, 32;
    %part/s 16;
    %vpi_call 11 132 "$fdisplay", v000001eb6c9bc050_0, "%h", S<0,vec4,u16> {1 0 0};
    %load/vec4 v000001eb6c9bc410_0;
    %addi 1, 0, 32;
    %store/vec4 v000001eb6c9bc410_0, 0, 32;
    %jmp T_17.27;
T_17.28 ;
    %end;
    .scope S_000001eb6c7fd090;
t_0 %join;
    %vpi_call 11 134 "$fclose", v000001eb6c9bc050_0 {0 0 0};
    %vpi_call 11 135 "$display", "Layer3 output written to output.mem" {0 0 0};
T_17.26 ;
    %pushi/vec4 1, 0, 1;
    %assign/vec4 v000001eb6c9bd630_0, 0;
T_17.21 ;
T_17.1 ;
    %jmp T_17;
    .thread T_17;
    .scope S_000001eb6c9be650;
T_18 ;
    %wait E_000001eb6c91e5b0;
    %load/vec4 v000001eb6c9bf890_0;
    %flag_set/vec4 8;
    %jmp/0xz  T_18.0, 8;
    %load/vec4 v000001eb6c9be990_0;
    %load/vec4 v000001eb6c9c0650_0;
    %pad/u 11;
    %ix/vec4 3;
    %ix/load 4, 0, 0; Constant delay
    %assign/vec4/a/d v000001eb6c9c00b0, 0, 4;
T_18.0 ;
    %jmp T_18;
    .thread T_18;
    .scope S_000001eb6c9be650;
T_19 ;
    %wait E_000001eb6c91e5b0;
    %load/vec4 v000001eb6c9bf750_0;
    %flag_set/vec4 8;
    %jmp/0xz  T_19.0, 8;
    %pushi/vec4 0, 0, 11;
    %assign/vec4 v000001eb6c9bf9d0_0, 0;
    %pushi/vec4 0, 0, 16;
    %assign/vec4 v000001eb6c9bf6b0_0, 0;
    %pushi/vec4 0, 0, 1;
    %assign/vec4 v000001eb6c9c0010_0, 0;
    %jmp T_19.1;
T_19.0 ;
    %load/vec4 v000001eb6c9bf390_0;
    %flag_set/vec4 8;
    %jmp/0xz  T_19.2, 8;
    %load/vec4 v000001eb6c9bf9d0_0;
    %pad/u 32;
    %cmpi/u 784, 0, 32;
    %jmp/0xz  T_19.4, 5;
    %ix/getv 4, v000001eb6c9bf9d0_0;
    %load/vec4a v000001eb6c9c00b0, 4;
    %assign/vec4 v000001eb6c9bf6b0_0, 0;
    %load/vec4 v000001eb6c9bf9d0_0;
    %addi 1, 0, 11;
    %assign/vec4 v000001eb6c9bf9d0_0, 0;
    %pushi/vec4 0, 0, 1;
    %assign/vec4 v000001eb6c9c0010_0, 0;
    %jmp T_19.5;
T_19.4 ;
    %pushi/vec4 1, 0, 1;
    %assign/vec4 v000001eb6c9c0010_0, 0;
T_19.5 ;
T_19.2 ;
T_19.1 ;
    %jmp T_19;
    .thread T_19;
# The file index is used to find the file name in the following table.
:file_names 14;
    "N/A";
    "<interactive>";
    "./layers/leaky_relu.v";
    "./layers/neuron_processing_unit.v";
    "./layers/fixed_point_alu.v";
    "./layers/pipelined_mac.v";
    "./layers/relu.v";
    "./layers/tanh_lut.v";
    "top_entity.v";
    "./layers/layer1_generator_v2.v";
    "./layers/layer2_generator_v2.v";
    "./layers/layer3_generator_v2.v";
    "./layers/serialregisterIn.v";
    "./layers/serialregisterOut.v";
